product_id,name,category,price,stock
29bbbf44-f8f9-4d89-b5be-9a8adc932ce2,História 833,livros,56.49,86
713234ca-c198-4984-891a-b3495fa58676,Bicicleta 619,esportes,1278.05,16
aafefc5b-e5bc-4fa5-89b8-51f68edd3241,Lâmpada 628,casa,62.27,71
c09d6799-bd70-42f2-a955-ba962c8bf4f2,Autoajuda 309,livros,54.1,64
4df43025-c6ec-4135-a205-97a8c2d959b6,Caixa de Som 763,eletrônicos,836.67,137
ead86a4f-7140-4850-980f-a34063922a0d,Tênis 983,moda,187.17,108
c3f6ca00-6b99-4e0b-8f92-c72410875f0a,Mochila 415,esportes,215.65,35
ccbb37c4-c8a4-444a-8df0-16a3d5eb9a98,Bola 887,esportes,87.38,105
2f1c242b-2d01-4934-b0d8-c08b4bfe6d78,Smartphone 164,eletrônicos,4958.77,136
e4a3116b-49e9-4385-842c-6c102e5e3e95,Jaqueta 112,moda,391.02,47
93713f20-ec9f-43e1-be26-01ff49b91b36,Lâmpada 203,casa,64.38,73
ca91ed02-b761-47cb-8c0e-5abe7cd2ed42,Caixa de Som 197,eletrônicos,986.46,19
169113cc-5fba-4537-a392-9ab2ddaa0187,Notebook 577,eletrônicos,4401.34,104
f1b56ddc-0c4b-4c59-aaef-8a52b71a9649,Livro Técnico 869,livros,-160.08,104
8c232b7d-9bcc-42fd-a9f6-444276c51a01,Sofá 691,casa,2480.33,21
63a2137d-93ec-4d2b-87ab-84e6c9150098,Tênis 743,moda,283.38,63
30577f5f-a1c7-44e4-9ccf-bdd7665e1a1c,Lâmpada 884,casa,40.03,101
5ea0e530-f8a6-49aa-9869-179b7961d127,Tênis de Corrida 326,esportes,255.88,10
8363b3a1-052d-4312-aa79-677f1b909afa,Panela 780,casa,234.38,44
92d29891-5ea2-4f8a-bbbe-5e3f8c96443c,Mochila 453,esportes,230.97,86
6549eff7-fa09-4c69-a4b2-d981a1fc05a4,Camiseta 552,moda,50.74,110
f2d7c63f-5e84-4df7-9148-54aa1f8f47a1,Bola 673,esportes,123.58,99
09300117-d712-4eda-be69-05765b7561d2,Fone Bluetooth 981,eletrônicos,645.6,79
2375e2e6-442e-44e5-9074-d92471df47a4,História 192,livros,59.28,107
bcbad7de-7ef0-46aa-a722-34edc5ae08fd,Camiseta 544,moda,71.2,12
cc1d0f28-7492-479d-9670-309b0387d249,Jaqueta 430,moda,318.68,74
b3666887-38f1-4d84-94c9-e6af9d155910,Autoajuda 710,livros,42.36,89
2f2946be-a81b-45a0-b41d-cc73ed738090,Fone Bluetooth 121,eletrônicos,436.95,9
b82be536-28de-44a8-952e-3ac43a108584,Skate 817,esportes,578.85,96
2ff42271-7331-4128-b917-a620d975cd2f,Smartphone 156,eletrônicos,2461.42,75
a2cf484e-9521-4bb0-ae50-bd95c8d0d9f4,Jaqueta 606,moda,236.5,123
09c53fae-10be-49ae-adbb-59ab35c2cb6f,Cadeira 167,casa,369.61,69
5694f58f-26a2-4afe-b59b-c3d041061b37,Smartphone 448,eletrônicos,1501.24,12
f15a6023-e4e6-4652-b001-d478bed3fe1f,Bicicleta 317,esportes,1275.25,100
688d8fc8-f629-41a4-8165-a7ffc92cdf46,Cadeira 561,casa,446.89,129
e141b3e9-ef37-489b-8a21-367ba9549a4c,Lâmpada 593,casa,16.68,110
7b1f7387-5958-41a1-90c7-57ad2239addb,Fone Bluetooth 672,eletrônicos,178.03,77
2fffd74c-5646-4c0f-b638-b627f60c5683,Sofá 976,casa,2334.57,148
f07b79f9-357d-4b98-bfbf-5f53a9355ab7,Calça Jeans 309,moda,157.86,142
a71ee5fe-a382-4e11-808a-44014780ed16,Panela 737,casa,219.71,142
58c048d5-a002-4095-a311-35c9a7c59867,Fone Bluetooth 569,eletrônicos,328.48,98
6a6a951f-dca4-49ef-a497-85ae933448e7,Jaqueta 858,moda,251.98,13
aa541cb7-ea89-4522-8662-3b23b62d75a6,Tênis de Corrida 290,esportes,472.14,103
e411303c-75a0-45be-b6a9-3355f3bae348,Smart TV 705,eletrônicos,2941.2,94
5568d54f-aafe-47ae-af7c-fd2dae20af72,Lâmpada 295,casa,51.21,39
c2504b56-6c49-4820-9ed0-868942eef675,Sofá 501,casa,2578.5,52
14697a99-eaa1-49fa-8c9c-48dc5f0ca8fd,Panela 232,casa,116.72,138
94b5a23f-23f4-4a61-b0b7-b4bb377761f8,Livro Técnico 107,livros,94.79,62
68649748-3d1d-4dbb-bf6d-9f5b97a8c9de,Notebook 913,eletrônicos,6885.1,129
f2ad7f93-041c-453f-888f-16307b6dec97,Smart TV 249,eletrônicos,2248.3,22
b422ef5b-29b5-482f-ab53-f3236439cf17,Romance 153,livros,,78
7940443e-7de5-403a-b109-2b39cff319b4,Calça Jeans 184,moda,155.86,52
96a6e63f-34be-49f0-acc3-406e11e2e8bb,Camiseta 669,moda,,90
121654e5-dc14-4f55-9f32-8779e6a372a5,Liquidificador 426,casa,224.74,20
6bc9f0e4-8d8e-453e-ad71-1806fba3cc41,Infantil 977,livros,46.68,36
6bcd1951-304c-409a-84aa-5ce6b2efeb70,Lâmpada 652,casa,43.66,42
2875f096-bfb5-40a2-881d-1e1793b5ff6a,Notebook 101,eletrônicos,5729.16,113
6deb7025-57a5-4806-9b76-77687cd4159d,Livro Técnico 978,livros,110.42,106
874af714-d509-4613-829f-3b74348135b0,Bicicleta 367,esportes,1846.29,136
5bfc85dd-8434-401e-8d77-fe595c33bc42,Romance 163,livros,77.19,140
dda9938b-5d2e-4061-862c-3244a7a94a0c,Notebook 625,eletrônicos,5490.14,29
9e38e0ff-ce29-4b81-975a-f75d3cd1be9f,Skate 503,esportes,343.19,133
1a8bc034-ed91-45b6-bd79-a404b30ca99b,Bola 660,esportes,178.56,114
3d1771b6-5a71-4287-9ff4-0e93f63ce0d3,Livro Técnico 374,livros,120.87,131
97c5cc11-47a6-4935-864d-a7c1e180146b,Autoajuda 167,livros,90.21,10
95e9b529-164f-480c-bfed-9cd64fd8043d,Boné 707,moda,71.39,146
89501c6b-77c9-4054-b4f9-2dcbf7a22c14,Romance 592,livros,28.27,12
f4f65069-5e94-4fb2-97e5-1c3d6e030789,Mochila 487,esportes,262.5,51
358a3318-1c96-4460-8077-b686270b0d76,Smartphone 126,eletrônicos,4875.63,53
ebeed9ac-db5e-4588-b1ef-852c180440bf,Camiseta 314,moda,56.65,99
6a3c128b-49d9-422b-b361-4fe3e06b9ba9,Fone Bluetooth 887,eletrônicos,731.81,111
749b7eab-56f3-43ae-8994-7786690324d2,Tênis 407,moda,444.73,68
de334d82-c250-4bda-a11c-fea087776083,Romance 162,livros,45.31,36
ce1897fc-68fc-46dd-8add-0944dbb9e4ec,História 509,livros,98.05,67
9767438e-ca4e-4337-b3dc-93305f08c6ca,Notebook 397,eletrônicos,6363.53,8
29b68090-24af-4655-ad13-1e84b982df59,Mochila 322,esportes,230.61,21
b649f2a9-69b4-40d5-b2a8-6bb3a141555e,Camiseta 864,moda,94.69,67
b930b31d-e35c-4919-ad5f-180eea4ce759,Tênis 814,moda,589.43,141
cbe57fec-aaab-4edd-9851-50510f324762,História 116,livros,75.59,12
9f053508-0be4-4cfe-9b9a-dad85dcd555b,Notebook 443,eletrônicos,4664.11,6
fa230e14-181c-40c9-ace4-9f0fd6075b5a,Infantil 246,livros,47.25,113
2fc0a8d4-aa83-44f4-986c-99ee13f4ae20,Bola 844,esportes,184.47,103
b963f745-af4d-4bfd-b92f-d8291074b6d3,Mochila 786,esportes,276.75,14
52f71e5e-edd3-4fdc-b523-ca6bb35b5aec,Notebook 993,eletrônicos,3806.29,82
4f1897c8-3fd2-477c-90c5-7ecf3c2c27f5,Fone Bluetooth 603,eletrônicos,528.53,62
0df069ea-9255-435f-b097-1f03a28b6c3f,Tênis de Corrida 489,esportes,345.96,127
a3290bc9-0046-49e5-b150-5d0984fc101e,História 213,livros,117.86,81
49fb4261-33ad-45f6-9477-45f8d1704c14,Camiseta 118,moda,111.7,73
c63c4e95-f7c0-4e6d-9285-280fd2c39240,Smart TV 169,eletrônicos,2553.62,101
adba5012-aa39-44e1-9f96-70e21f8d7dd0,Panela 536,casa,192.32,116
b895a954-2632-4e9e-bd07-b3d09ac7dbf7,Bola 156,esportes,70.32,23
862e533b-c3da-4067-926e-eebbc7e3da43,Panela 997,casa,237.7,129
4ead5417-faf1-4a3e-918f-0d12717c9448,Jaqueta 727,moda,222.65,95
5916a3ca-8917-422f-8a91-b60fed4139ff,Jaqueta 969,moda,209.35,59
30fb701e-7d6f-4b65-b8ef-b28f742c02b5,Cadeira 351,casa,152.19,92
5b2fb42b-e461-40f2-963c-4454aa13b197,Autoajuda 306,livros,52.97,40
ddc39fa1-5db9-4231-882e-0644851bbfc1,Bola 411,esportes,123.63,25
a5797008-27ca-439c-9fae-e6aaf11afc42,História 982,livros,72.79,12
071ddab8-f46a-4b7c-b13b-a884b1658ddf,Bola 426,esportes,139.86,93
cc9ccf84-aa4d-4494-8efe-2223bb1c946c,Mochila 327,esportes,158.03,57
e6531ce4-752d-4299-b555-001309a96b51,Cadeira 867,casa,504.38,97
4e0f2947-ec52-4484-a0d4-cf1d54c7681e,Bicicleta 809,esportes,1447.58,28
89d699d5-290f-488d-873c-0c951b315c9d,Tênis 110,moda,426.89,68
b4cb329f-9cd2-41f2-b541-4e6ec2101740,Skate 608,esportes,687.24,96
62c86cba-fc9b-498f-a08b-048143dafbb9,Smartphone 960,eletrônicos,3754.53,102
3c240218-ef05-4c66-8add-4e9c7cdd5811,História 940,livros,62.49,92
4d7032be-0211-4014-aba4-eade285aa200,Lâmpada 149,casa,50.42,21
f4a619e1-8ae6-4d01-97fb-31f35262a360,Livro Técnico 991,livros,133.03,70
820bfcdc-45ee-4223-89c2-77c011ded414,Smartphone 928,eletrônicos,2781.28,63
e1f84b41-5cc3-4107-9095-4ebffaacab5a,Infantil 929,livros,51.73,33
0e80aece-5299-4f1a-8957-ed02fd87c133,Jaqueta 149,moda,399.56,90
89173062-795e-416e-aeda-47250fa5d426,Mochila 756,esportes,219.51,83
0a5ed0d8-e122-4f53-becb-98a1c8da327d,Notebook 898,eletrônicos,2369.18,117
dfb72def-c931-4902-a28d-a85e3ab7e197,Jaqueta 306,moda,357.6,97
b0574b6d-92fb-4148-bc5b-5cb81efeab72,Caixa de Som 184,eletrônicos,791.62,54
48a24ce9-da65-4cb3-9f22-bd599a7e714f,Caixa de Som 582,eletrônicos,923.94,36
75879a13-6927-41ed-a5dd-1bf9417beac4,Mochila 942,esportes,132.04,10
ef1e29e3-96cd-4be4-b5b3-2cc0d3b8c60d,Caixa de Som 173,eletrônicos,888.51,67
70e871a8-27ca-4d96-b3fd-3358183707a3,História 983,livros,72.33,146
ffff855b-9b2d-4f53-a328-7db15cc18b52,Infantil 169,livros,46.07,136
d53c567b-e924-4bf7-9b29-3df497b24703,Tênis 580,moda,180.9,9
c341f8a1-48c6-4ac4-a59a-8b1e55fc6412,Calça Jeans 162,moda,147.58,97
8be3b935-c959-4c8a-985d-4250d77bd3da,Tênis 854,moda,243.03,78
fb72c1d3-530f-49a6-bbf5-4b7aa56237bf,Bola 904,esportes,117.91,39
2c43d32f-1c55-4774-8249-6387a536aae3,Camiseta 499,moda,79.7,41
2f920c24-1046-4f92-bedc-1250c302873d,Bicicleta 912,esportes,2372.92,42
8ade6969-6fe4-47f0-a06f-c956fa194956,Smart TV 902,eletrônicos,1881.4,91
bb18d6ad-212d-4ef4-907c-e0872b9f3023,Notebook 998,eletrônicos,4293.3,30
42a61bbe-9e16-49cf-803a-1e3496b0fa2a,Romance 354,livros,,127
26cfd3db-0eb7-4aa6-b87d-fc893928fe93,Calça Jeans 775,moda,208.75,106
9f77223a-08c6-49ae-8eda-344ab051b2e2,Notebook 551,eletrônicos,6178.12,69
a7655df6-b104-4bd5-991c-af88cac701eb,Tênis de Corrida 982,esportes,,64
92f09dae-0121-4da4-a03b-9009c1ff616e,Romance 151,livros,25.92,74
4f863108-c1b5-4a19-a769-37b75522b962,História 194,livros,68.07,31
facfbc0d-a6d4-43a5-97dd-bf2cf2a766bf,História 810,livros,76.62,126
97afb223-3221-4d2b-8f90-80fed557e302,Autoajuda 959,livros,68.0,12
4eda0173-3ff3-42d1-87bf-95163951bdfb,Jaqueta 449,moda,384.28,35
46c5c469-cb82-403d-925c-172c4691975d,Lâmpada 413,casa,24.09,80
dd1af19b-b35a-41c1-bdb7-52ddc2d44061,Sofá 667,casa,2706.84,87
b7a7e798-ee01-49de-a48a-911d09b638e1,Bola 161,esportes,67.93,116
162344a8-a8c8-4078-8fa1-a55a2eccd6b4,Bola 826,esportes,106.24,115
cc93bbee-9cca-4446-9bfd-4e3280ba5e76,Boné 105,moda,47.48,107
7c6c7e1c-c1e7-44e7-8420-84e69e84d8c2,Fone Bluetooth 429,eletrônicos,791.07,49
e913ec98-8ff7-4d71-8d3c-6e568b71264f,Tênis 414,moda,525.26,58
342b849a-97d5-4365-bd20-a449083bdf2d,Tênis de Corrida 702,esportes,-315.39,90
72131011-e2bb-4b94-92dd-dfe3cdffa14e,Smart TV 138,eletrônicos,4945.57,10
d7f3400b-9d15-461f-bd63-1bd076f36162,Tênis de Corrida 323,esportes,336.54,83
c9301e62-b9be-484a-b89e-872d0c5028fa,Skate 518,esportes,631.83,122
612d87ad-b6cc-45bd-8687-17dcbebf0f3f,Liquidificador 274,casa,183.59,27
7dee6311-1569-462b-866d-a0251eaf9dd7,Smart TV 880,eletrônicos,2539.98,46
94fe631e-cff2-4df4-ad5c-39381ccd4fb7,Smartphone 825,eletrônicos,2201.43,49
5911207a-8de9-4db2-9861-591797cd5d79,Bicicleta 647,esportes,1405.34,119
65dc872d-0d4f-4374-8eba-8bfa889e8732,Fone Bluetooth 915,eletrônicos,278.38,122
0e22f7d3-6888-4dc4-a393-72d61ecc9e71,Infantil 943,livros,35.89,107
4fcf422f-24a9-4175-a576-c406080b8395,Lâmpada 717,casa,27.24,81
dfa29de5-cde2-4945-be03-fe0fef5a345f,Camiseta 430,moda,101.87,29
cf5c8c02-ca59-44bf-813e-78255eb01023,Romance 653,livros,52.24,94
8168234f-167e-4c68-a4de-91e8f1b8ed4c,Autoajuda 261,livros,46.31,97
083a1047-4041-479a-a263-6410d2e125bf,Caixa de Som 639,eletrônicos,801.55,18
ad3efc3c-75d8-41ed-ac59-41cf38e39a49,Infantil 220,livros,49.56,21
a84954e8-c4f0-4e69-b824-f9e5f1c32b7a,Fone Bluetooth 612,eletrônicos,123.93,150
b5405c2a-e1b5-4fd5-b01a-1adef6d71b39,Infantil 556,livros,55.6,107
e665f334-6110-4b94-ac5c-0af9dfe8f4a2,Liquidificador 123,casa,119.14,63
df9467b6-a116-42fd-b405-737e16212fef,Mochila 244,esportes,293.42,58
3a214c78-962e-4297-bd8d-b45818c14dab,Romance 158,livros,71.77,138
0bb8dc69-f22b-4955-9286-2e98afbb0fe6,Smartphone 810,eletrônicos,2302.71,65
d521fa4c-9daf-4d03-894e-e7a7030c2f0b,Tênis 487,moda,227.91,65
0b67715a-310e-44bf-956e-69889d3ac045,Smart TV 264,eletrônicos,1962.67,88
f8e7002d-aaf3-42b7-95f5-8b066a1db0ce,Cadeira 271,casa,538.53,119
69345595-b828-4ac7-b7ed-0fb2bc130379,Romance 825,livros,50.66,122
959236c4-59e3-4a87-bcce-0b10467c86ad,Cadeira 121,casa,229.25,4
bab57328-47e9-4e6f-9873-6112e449f46d,Livro Técnico 386,livros,67.45,130
af31549f-134c-4a5a-897e-fc06ab06edc0,Jaqueta 906,moda,231.16,4
94d3fa00-d99f-4ad1-8e04-a9a3ef461f3a,Mochila 603,esportes,168.16,10
5a11a1ee-6d9e-44cd-8f3d-79d906836f0b,Livro Técnico 755,livros,94.49,72
a1a086d5-f232-4ca5-a147-fb88a4c8e308,Smart TV 167,eletrônicos,2460.66,73
2feac846-94e2-40a1-ac2f-1bd8e27a383e,Autoajuda 925,livros,51.18,94
9ea0d424-2c1c-4226-b65e-b9e0734031f9,Tênis de Corrida 880,esportes,,11
1b71b3be-0bea-4ed3-b48e-4070f9cdfa79,Bola 884,esportes,195.33,32
b7542325-1c82-41e3-a313-af97b25ccfcf,Smartphone 207,eletrônicos,2270.67,50
b10514bf-e4b9-4bcb-b8eb-ff07fa497d5b,Skate 195,esportes,737.5,36
9414d6ba-edee-48f9-a71e-56515cc78bb8,Romance 760,livros,28.82,71
faa214bf-6d6f-4d27-962b-45de69bdd33c,História 884,livros,118.57,121
e3c361e6-ea8b-4609-bc87-085fdc74b21c,Cadeira 276,casa,184.31,145
a53d38ee-386d-4df7-b4df-80849fc3b899,Cadeira 754,casa,332.34,47
e0d98196-1164-4cfa-8804-f885f25c4a23,Skate 928,esportes,595.22,31
b8fa7139-b8f2-4180-943d-3ff3c4c99c89,História 196,livros,50.48,137
54b04273-93ca-4cfd-9bb5-8f06bb4bb350,Calça Jeans 692,moda,177.74,3
08e87dde-042c-4aed-8ec6-9822a72e46ed,Camiseta 115,moda,43.55,120
f0b5cadd-4e7d-45c6-8d4b-0b7dfd3c10c4,Jaqueta 656,moda,254.09,40
33dc5d88-e282-40ec-b7b6-b4cd6c5b2369,Autoajuda 582,livros,72.7,80
9da136bf-eb9c-4e98-831e-493e80800f9b,Skate 804,esportes,250.32,100
e2aaae00-8157-409e-ae1e-d898e889046b,Bola 980,esportes,169.08,76
b28e5073-1613-413b-acf1-58a878a8eb35,Mochila 885,esportes,163.17,72
960f2a2d-84e9-4d57-a25f-9b8f23046381,Livro Técnico 565,livros,131.01,7
730cf5bc-3a73-42d3-be34-5006f9072222,Boné 562,moda,57.77,63
c4b858f9-e938-4e10-83d2-12505c961f93,Bola 890,esportes,166.46,10
a68a6042-7996-4541-a70e-7a584b5e92f0,Panela 369,casa,122.28,137
a086c2e6-bd10-4fc6-932a-36e1390943a8,Autoajuda 840,livros,,132
1f88d1ef-8427-479f-993e-1bc5bf2b7a5a,Camiseta 615,moda,79.73,91
c80c26bc-6c51-4f35-9be9-727010756b9b,Smartphone 607,eletrônicos,4836.4,33
9590a39e-d733-4f92-9a38-8c468b000aeb,Bola 972,esportes,193.59,55
c8610f8e-056a-4294-89b7-f741d9a5a65b,Liquidificador 741,casa,365.97,46
70069cb1-14a3-4663-a2b7-17141e484cce,História 607,livros,108.31,11
70c69550-4a4c-4631-97d9-8f1513d8f35b,Sofá 316,casa,1132.65,29
a3ca2c2b-e7d2-43e7-a414-61ae886aceaa,Liquidificador 285,casa,399.57,55
4e71f32e-e35f-49a9-a812-db9604f98381,Smart TV 258,eletrônicos,2986.07,127
12dbd073-31ef-41ce-9dc0-5d491947bed1,Cadeira 423,casa,354.85,140
68fc61ca-ff6e-40b7-8ad8-1e3425a7ca80,Tênis 711,moda,525.7,5
0e8f6bd5-fb4a-482a-9264-f68919bd0006,Tênis de Corrida 419,esportes,551.25,79
5c3fa3b6-2baf-456a-8ac0-d45439c8372f,Mochila 299,esportes,202.03,10
82d521a8-f1f0-4204-9511-6437f2fc1484,Skate 665,esportes,351.18,40
61045b6d-aa00-4c63-a373-6284dd05d9c0,Mochila 505,esportes,283.53,98
30229383-3a88-464a-8e48-08f82a418fae,Camiseta 442,moda,57.45,114
eb4a9719-8c33-44dc-973b-20d7c509ae18,Smart TV 283,eletrônicos,3247.97,42
dfb85bc1-50e2-4eaf-b03c-f7e7f807f064,Calça Jeans 768,moda,203.33,142
a47bf1e4-8c84-47ff-b4eb-b709967b0cdf,Bicicleta 140,esportes,891.73,124
f16be1bc-be10-4580-85e2-2c820dffa10c,Liquidificador 237,casa,132.55,118
3714069e-4ef7-4464-bb62-28ebe6508773,Bola 923,esportes,158.72,72
951e4811-d75c-4374-9329-4ae3bb43b7e2,Camiseta 943,moda,102.33,16
4aaa9a42-b083-4f71-ba91-bd7f003e86e8,Cadeira 830,casa,209.38,11
1f76d1cd-f846-44ce-96bf-428720209a56,Notebook 457,eletrônicos,6893.0,81
b3643f5a-3072-41e4-8bfa-ed5a8995e093,Mochila 361,esportes,184.26,51
349fd66f-3309-4411-82c0-aca7c8649dbf,Bola 839,esportes,155.16,2
e807f175-1cd5-4427-9ba6-d609459564a4,Panela 341,casa,75.71,9
53b12e60-b45a-40ab-8c5a-68fbcbab0048,Bola 431,esportes,60.68,114
a64dfd3e-ab4a-4968-8e31-d28b78082751,Mochila 778,esportes,234.51,53
e6d8740a-34c5-4a3c-9f39-36403981b73c,Bicicleta 604,esportes,1465.58,48
e9e41069-e872-4d2b-8ffc-c3c07e83d959,Notebook 182,eletrônicos,3530.07,50
a9a83533-3a8d-4003-9f0e-d68efb8627ec,Tênis 568,moda,185.02,6
50f48db4-1d86-46b9-a8f7-6fc4e61d09dd,Lâmpada 536,casa,37.73,149
210b3c5a-6a98-4e56-9d32-d8285bacb438,Liquidificador 447,casa,246.41,113
cc14e2d5-5599-464b-9669-4cd65673f5da,Liquidificador 334,casa,240.67,5
17e9f2dc-aabf-4ecb-9511-a496efb7d3b4,Lâmpada 310,casa,64.38,98
4454a1e3-d70b-41d1-856d-bd286ea66009,Tênis de Corrida 379,esportes,592.9,65
e7a36b7c-1219-489b-be26-1ac209a6d0a4,Calça Jeans 582,moda,222.43,46
87779d71-d340-4e97-ab98-dbcc1fbd0bba,Bola 623,esportes,142.45,122
1815a61d-94dc-4299-a900-a926d29292ad,História 564,livros,52.78,101
8f6658ea-4b07-4aa8-95ea-fa07b085f0ab,Camiseta 242,moda,,7
0fc11817-39fa-405c-bb73-8482f5ea6550,Jaqueta 566,moda,353.07,23
27c13210-fb2b-42d1-bdbc-0faf4b722b65,Tênis 520,moda,591.59,62
5f43ed8c-6b4f-4a1c-afd4-6ec15dffaa0d,Bola 956,esportes,63.07,31
05e95455-7dae-4eff-97c4-ad46a94e872c,Fone Bluetooth 584,eletrônicos,683.62,144
4b6b68c8-04cb-4202-8d0c-1c709490da4e,Sofá 204,casa,2587.93,32
b89310f7-cd06-46ac-a15f-806fd086fb05,Smartphone 267,eletrônicos,2994.75,89
f70e1af9-518b-41ca-b60a-317702089c8a,Smartphone 433,eletrônicos,3504.54,20
78a43ad0-566b-4cf7-a59f-f93589b86811,Mochila 587,esportes,278.72,35
e6e54507-3a29-4703-adbb-c1258b977ae3,Mochila 175,esportes,,128
6b760855-1ea8-4fb6-926f-0f0a883c08ae,Bola 122,esportes,110.77,140
76e7c15f-d32f-4eb9-acb6-f4fd9cff204d,Smartphone 976,eletrônicos,4207.14,31
b6c515a6-2e1a-4af8-b6e2-8d182f20b09c,Jaqueta 907,moda,295.29,100
0845e762-c4d4-455f-8db9-ca048dad70e1,Caixa de Som 288,eletrônicos,831.03,110
725ee804-f400-40e3-9bd3-54891297d7fa,Jaqueta 241,moda,160.71,69
f6737fba-ad70-4090-91fb-b86a72ebb3f9,Panela 231,casa,177.27,56
d6dd7237-c3db-44bb-aafb-c3ffea6c5ffb,Bicicleta 229,esportes,1337.93,4
7ce3555d-ccfc-4afe-b814-1e8e8e0d912c,Caixa de Som 337,eletrônicos,584.14,146
3a87d914-4570-4b64-8f5a-4e5ac77b6920,Camiseta 359,moda,69.26,119
c26194bb-f1e3-4ad0-ac08-b71b0eacebf1,Cadeira 660,casa,227.82,111
29d05968-18a8-4543-bf47-08ed919ea1d1,Smartphone 818,eletrônicos,3365.82,60
a9ac94dc-3a10-4af0-9134-d4ba300bc2bd,Smart TV 237,eletrônicos,3551.84,59
9021776b-0e2a-48d2-941a-e7dc367c3cb0,Panela 783,casa,235.44,92
3a17ac4d-19dc-44cc-94e5-84af3232daea,Livro Técnico 903,livros,92.72,4
50ce5a7c-9f8c-457c-a882-c1edbc4d597e,Tênis de Corrida 601,esportes,590.68,104
57c5b84d-60a6-4055-aeeb-6fa787d73721,Tênis de Corrida 961,esportes,,75
7ab16171-a171-4a09-8207-5589bff2c888,Autoajuda 605,livros,64.75,13
41ded84c-9b6d-469a-b9ee-f8bf50651e8d,Smart TV 994,eletrônicos,4896.22,112
f833c7a6-f00a-4fb8-b947-f2b17bf7ebac,História 130,livros,94.28,4
ad0ea272-8d7d-4a20-b657-2f52feee379b,Boné 684,moda,41.39,99
40009f08-1329-4105-99ca-cbddc8a3d60f,Jaqueta 878,moda,386.3,104
93ced522-d71d-4328-87c3-01e490067368,Bola 641,esportes,167.35,17
eeb28698-1a6e-428f-875d-87db27e16ade,Camiseta 432,moda,99.91,64
19386ff0-6678-4ab0-bef4-c3ae5a419e3c,Jaqueta 100,moda,124.34,80
92f5d6a6-ccef-449f-ac68-e451205b98ff,Autoajuda 886,livros,80.12,83
f90b58e0-8d58-4666-89bc-bb1a49eef3e6,Tênis de Corrida 205,esportes,542.99,83
5d04e294-d783-42ca-83cd-7180c4b8bd4c,Panela 710,casa,125.24,128
60c428a2-9b48-4bf2-a741-7facb5e71508,Skate 601,esportes,567.43,112
b560d4d8-877c-49a7-aba1-350839c75d4d,Tênis 273,moda,,73
648ccb4a-056b-4585-94ef-b0c13f160760,Calça Jeans 289,moda,121.94,55
0a33cce2-d796-471b-a666-931abbff35be,Fone Bluetooth 827,eletrônicos,458.3,74
d16da229-9603-4832-95fe-60151d8f87fc,Autoajuda 561,livros,99.91,24
0eec7c9f-e8f0-4f97-a8b7-3d821674bb65,Bicicleta 664,esportes,2417.62,86
9b5b4d3a-1d64-4b21-bc33-77faa327894f,Cadeira 744,casa,559.04,141
193ef523-e3ee-465b-a501-2d5447d5e6c5,Caixa de Som 440,eletrônicos,372.39,11
d413d747-07ca-4299-8197-681af1c07e98,Notebook 641,eletrônicos,5511.67,133
822c23b3-e5f1-4788-835d-9527ef9f88f3,Panela 734,casa,143.52,115
b9d50f13-f939-4007-ac2e-5b4db222ad45,Romance 796,livros,25.04,54
b543b7d6-dfaa-4734-9ccf-8e75444d390f,Sofá 648,casa,2274.29,11
4c051eea-6068-42b1-8405-51c4baa08658,Romance 296,livros,25.78,79
eed59e6b-765a-4a47-a664-da32d124cfa5,Fone Bluetooth 577,eletrônicos,498.13,72
3024955a-b95e-456c-aace-666c04fd03a6,Skate 642,esportes,569.5,101
80dd5bcb-2905-4b44-a2da-e5cf0ac5d3e9,Tênis 707,moda,276.01,133
4e2f02e1-155f-4d35-a0dd-8165be145590,Livro Técnico 110,livros,100.48,48
e2517e47-33b9-46b7-94d9-a6d3eed61bfc,Caixa de Som 504,eletrônicos,662.7,119
e32a7202-d209-4d63-aefb-77a1815ac591,Skate 822,esportes,326.08,139
2b9cfdf8-98de-4994-8712-f1adf6970c8a,Caixa de Som 884,eletrônicos,247.15,50
530b7f16-b6ff-4f89-8cd1-8686bd8a96eb,Smartphone 327,eletrônicos,3208.34,90
ef4eff42-aa68-4f11-82b1-b7533f239608,Liquidificador 756,casa,-380.61,89
77afabf7-01bf-488b-af03-0696b3092cb9,Romance 658,livros,48.66,12
9a147d8f-dd6a-4157-baa8-4eea960f6bef,Mochila 265,esportes,128.51,58
1c5ff3ab-eeb0-4176-9fd2-fa27d134f054,Livro Técnico 508,livros,77.33,51
97b85a57-e0d0-4f97-a12b-611190cfb6dd,Boné 233,moda,39.97,74
7ebc6738-f9cb-46ce-9fdb-8cc3697481f1,Tênis de Corrida 643,esportes,307.18,32
037c3ae0-5f84-41fe-8594-783d0a99987f,Calça Jeans 533,moda,126.2,144
c88ca2b7-0c81-451d-98cd-41cca573b0a5,Lâmpada 681,casa,23.37,1
d339d7d3-415c-4a11-b669-3a95d9e675fd,Smart TV 430,eletrônicos,4764.31,35
44917d4f-1ea2-4fb3-8051-7e9bb838233b,Skate 157,esportes,411.74,121
dffb5675-83aa-4d4a-9363-01c35faabb68,Lâmpada 180,casa,27.14,78
4ef25f4f-6070-408d-95e0-3f68c53c971b,Liquidificador 544,casa,275.72,116
06796ffb-9ae9-4251-a797-345ff1f1a4eb,Tênis 100,moda,462.34,123
3da73569-9de4-490f-88de-51960c6cecef,Romance 119,livros,53.4,36
37c45449-fdb7-4655-8b79-c252032e32f5,Panela 662,casa,233.64,24
e753978f-da75-4770-b7ac-8d8435997601,Notebook 830,eletrônicos,4999.96,89
0b50f3e4-c896-41ca-ba37-def5733b4877,Panela 487,casa,125.5,5
668f38f0-b499-4e95-b79b-50f24970d6ce,Infantil 131,livros,54.36,69
ce9dd3cb-5ce0-4c5f-a2e2-5692c87ad256,Mochila 749,esportes,260.6,146
3248cc2e-71c5-4337-a4a5-1da3217c7839,Panela 874,casa,212.89,133
33e44b4b-78b8-41d1-a7a5-e2037b280c7f,Calça Jeans 258,moda,203.35,141
a5676ea0-4c3d-4677-aa79-38ad75bdd069,Caixa de Som 416,eletrônicos,262.49,8
420d73ef-4ce6-48f6-9327-ab0c9a3f2bfe,Camiseta 357,moda,59.56,23
725cd73a-d3ef-4a50-a47b-0d4e3f4069e2,Jaqueta 699,moda,182.47,116
a2927598-fa0e-4604-9e24-be037bc909d9,Skate 343,esportes,727.17,119
0442a634-8ef4-451a-ba85-e14dfdd191e2,Smart TV 863,eletrônicos,4619.74,60
779e0ac2-6d26-4ce4-9f9f-55366ba43993,Infantil 340,livros,49.74,90
5660cc72-644e-4e0e-b21f-fb24d9fa8aeb,Notebook 590,eletrônicos,-6224.33,73
c7943dea-e0c7-4344-ac3e-2b4a405ea464,Tênis de Corrida 925,esportes,263.5,136
4c816da8-138a-4358-976f-284775679da7,Tênis de Corrida 287,esportes,,141
9b50d4d1-e3a0-4101-bd36-f96a399b078d,Livro Técnico 626,livros,71.2,105
a0953403-8f75-4569-a076-8d634fcffd47,Skate 885,esportes,353.24,140
cb0f3914-b2ed-4d40-8359-e0904f711559,Autoajuda 248,livros,65.02,143
07808052-0c69-445a-ac40-a05335c57767,Fone Bluetooth 801,eletrônicos,143.7,65
04bcbb64-47af-4ccd-a70a-da5a1ca940c0,Skate 554,esportes,468.01,149
54768033-dac3-4d6c-b5af-42ead31633e3,Sofá 944,casa,,143
e732a87f-676b-4f40-86b0-3d1db2a58dfe,Boné 731,moda,75.49,84
c6a3880b-f3df-45a4-8c6c-871fedba063b,Cadeira 727,casa,444.32,150
e78440f0-f86f-405d-a9e8-6d4bac808c63,Boné 253,moda,79.68,12
8f546b33-09ee-4d50-803d-9899a1bcb113,Fone Bluetooth 810,eletrônicos,409.56,65
b59dff6d-8fb9-44cc-b75a-d3a31b5575c5,Smartphone 596,eletrônicos,,107
39b309ac-afed-4a73-bfdd-e5039bdb5f1c,Smart TV 294,eletrônicos,3134.59,140
d1be09be-8886-40a6-939e-691b59724e28,Tênis 638,moda,419.98,53
843cacf0-7d3b-4e9c-942a-dc66162cf0a8,Bola 459,esportes,107.62,97
5e89584c-9e03-46cb-b6df-545f3eba2e50,Tênis de Corrida 817,esportes,391.38,29
9838477e-a266-4a89-8cc6-0c3b4b6a2f41,Liquidificador 306,casa,104.58,120
88c88d33-da50-4bbf-afe9-6d57461e1d1b,Autoajuda 914,livros,50.45,139
22878b7d-629e-4805-b510-4ce81d2c76ee,Calça Jeans 594,moda,187.87,146
8f8e0eeb-4e6c-4fbd-8c7d-c35559a12428,Notebook 709,eletrônicos,-4605.62,25
bd21045b-e8d0-4a14-a09c-db40c6d5ed37,Jaqueta 480,moda,241.92,117
2bcf7fa8-9601-425a-a5ad-2cc50c53f03e,Camiseta 769,moda,62.99,118
c5d080eb-9080-4406-b750-35095581b366,Tênis 992,moda,477.46,71
f3a010de-7401-4cbd-8e62-0d81fa1e2020,Calça Jeans 122,moda,223.21,127
972d4179-043f-4460-985a-f6a09e29c1cc,Bicicleta 203,esportes,-1965.28,104
dd8954e2-2da2-4d74-a786-0c2b73dbacb9,Tênis 861,moda,526.16,82
f363f614-7c57-4228-a8ff-22c2921a0507,Mochila 581,esportes,102.2,148
2146f806-9d09-4406-8960-52a167de04ec,Notebook 686,eletrônicos,,65
41ec459d-9e5b-44ea-9617-5b3d7a1de10d,Infantil 459,livros,53.08,10
84b58b02-916a-4549-a64a-09f3ca4c96f2,Liquidificador 634,casa,234.45,69
fdd4be25-7f69-45e8-860d-181fe5907471,Boné 809,moda,69.86,82
cba50f53-131a-4a84-bda8-245f52bdb4d9,Cadeira 819,casa,-466.71,114
16695822-9926-477e-ac9c-0c0a9c992024,Bola 300,esportes,161.14,60
59548ec1-7bbe-4dc0-9fcd-b34abb8b0ad0,Smartphone 588,eletrônicos,3293.11,81
dfcaa4ba-ce87-4e23-b814-3ceafaceae01,Notebook 137,eletrônicos,2861.07,128
24f5a38f-cbb4-45fa-9eb4-1e0c61c15678,Bicicleta 170,esportes,2281.63,91
cbc83098-9f04-4c81-91ef-c30293ed37cb,Calça Jeans 865,moda,231.08,84
3b9461cd-b204-4c7c-af9e-fe39ed193314,Boné 528,moda,77.94,64
ec8b1c3b-3b4e-42db-a001-40c7c8af1e18,Calça Jeans 138,moda,95.96,88
24ec8a86-4cb6-46f2-9d91-8f8614630e6c,Smart TV 660,eletrônicos,3811.03,10
d2275766-a56c-423e-ae22-a0785d516771,Panela 385,casa,,90
3624a0a8-9358-4423-8e04-c8ec33657e09,Fone Bluetooth 599,eletrônicos,498.61,90
ebe8791a-c24d-44ca-a424-f42fbde60c44,Tênis de Corrida 432,esportes,272.31,118
abaa1201-9143-4a5b-a3af-ea48e7bab720,Bicicleta 801,esportes,1999.15,143
63ff8d2d-c334-4f6f-9d8f-86aef6e6fff3,Calça Jeans 168,moda,144.9,92
533a54db-3a97-4b13-9fbe-31b22458141a,Jaqueta 248,moda,232.69,124
3081833c-9749-4aa2-8bf8-4a810b8940da,Bola 299,esportes,116.9,70
17662599-230a-49ae-9f03-f89636f24868,Fone Bluetooth 280,eletrônicos,309.01,28
2ad5d056-e359-458f-89f1-14a485b427d0,Notebook 237,eletrônicos,2018.58,48
7b9b3ae7-6c89-4c71-bdc9-1e55f9efe675,Autoajuda 659,livros,61.84,132
3795f6d2-7152-4918-9aa6-8006750ad223,Calça Jeans 337,moda,243.21,60
3c4dca2e-9211-4190-93a9-736cba80ffab,Bola 848,esportes,136.31,106
ba664e33-8a77-400d-a3be-432428c3daa7,Caixa de Som 757,eletrônicos,968.04,107
37ff0140-cd95-4882-abdf-cc1d93c0bf8d,História 442,livros,84.96,100
b39551eb-db66-4d36-8365-07f4ddb9ba87,Autoajuda 940,livros,31.84,99
aeaaaf6d-c6fd-44a6-81c5-390b8a589e47,Lâmpada 903,casa,66.6,27
73c78015-c438-4955-a78d-cd952926fc9b,Liquidificador 899,casa,229.47,134
20d02573-8166-4c7d-9179-25380e7778ac,Caixa de Som 118,eletrônicos,488.11,37
bf07800a-7fcf-45bb-950e-ed8ca2a16f4f,Boné 257,moda,56.16,47
79c0a650-27af-4b1d-babb-b31963dbd3d3,Tênis 968,moda,362.68,147
95c74b87-3537-4363-a5f5-b500e07e125b,Mochila 440,esportes,123.04,122
30811470-1878-4bb2-91b3-e78f1e8d5e63,Smart TV 321,eletrônicos,1365.56,55
5bf0c79f-e04d-428e-800d-bfd25e82ca22,Lâmpada 133,casa,50.22,64
3d133d07-094b-44f7-9122-517a225fd642,Romance 831,livros,55.92,10
7b07d74c-8d62-4c30-932b-23e2634af7e1,Calça Jeans 336,moda,189.19,149
84266d2a-26c4-493c-a687-99ded188cd87,Cadeira 743,casa,-431.83,29
eff6b8d7-0480-46b6-af5a-4946ccb12438,Boné 425,moda,47.08,36
1c1b6b0e-3974-46e7-ad18-c5cae6c43bc7,Boné 102,moda,35.72,123
0bdd1151-2f83-45dc-9694-1f4d35278fd2,Tênis 650,moda,393.53,11
c0bf819b-6b8b-4049-8625-11a1e3f02fa4,Sofá 451,casa,2186.6,94
e461e343-a3c1-47f3-a7b0-c64c1be8c6f4,Cadeira 677,casa,,3
d9df600c-2994-4241-be90-cb802acbb8c9,Bicicleta 195,esportes,2143.29,50
f005dfad-410a-4b3b-ad83-4e4cf81f9f9c,Camiseta 909,moda,46.57,61
12e37428-8976-4475-9ce6-2521f32eaa17,Sofá 260,casa,1427.08,8
adc1da41-b754-41a3-9051-834b2fca1f58,Skate 393,esportes,324.35,81
d56e4d5c-2cee-4999-b790-0a43b9511a7e,Mochila 414,esportes,233.09,83
c3657021-61a0-4de3-b968-41e053e9492b,Caixa de Som 101,eletrônicos,508.87,21
725aa072-b74a-4a32-9eb4-83b41dfbca96,Panela 701,casa,275.24,126
2ea3f42b-a405-4a55-bbba-6a336cba8ebf,Notebook 633,eletrônicos,5806.97,55
1963d350-07d0-4291-b24a-39e9f1ce827f,Jaqueta 291,moda,191.63,35
0bcaaf89-27f2-450c-844a-95f5b014a08f,Skate 228,esportes,760.0,57
7afb5719-a724-4255-92f6-b456627aac6f,Livro Técnico 378,livros,,112
6e0aa0a5-9110-4ac6-a640-9fc01522ddde,Boné 102,moda,36.01,41
e667b316-e7d9-4643-ba82-197bf3f91234,Mochila 133,esportes,176.99,53
73c361cb-822c-4e33-92c2-94710da1b442,Lâmpada 850,casa,26.84,141
06366e2b-2382-4366-b145-d00396373479,História 416,livros,84.26,143
7cdc24ce-6316-406d-9e61-3c0133edde5f,Lâmpada 657,casa,54.85,99
58ae991d-c681-4203-a39e-68f9068ba981,Infantil 471,livros,55.85,89
aac99628-ad55-43c1-990a-307cc8837f33,Infantil 709,livros,20.99,8
3b26ef06-e4d2-49f2-8620-6036b1890c6b,Livro Técnico 397,livros,153.87,124
65ab34d0-1992-4ffb-baca-18a78c62084a,Lâmpada 995,casa,65.87,85
cc53d9c7-5539-46f5-8217-2de745eeb085,Smart TV 640,eletrônicos,,37
db9bfeb0-ca7a-44db-b107-e5a22350c49b,Tênis 369,moda,225.1,68
505bc3db-17fd-4960-abe1-c8c105ee19a2,Skate 383,esportes,612.39,135
cf3a86d9-441a-4865-bc05-5d8bb6be3ac8,Mochila 319,esportes,108.97,67
2e5e6c4b-b71d-4d41-84b4-218e6d246753,Caixa de Som 113,eletrônicos,299.03,78
54972cf2-b934-4424-81eb-d76601e5d055,Bola 366,esportes,125.71,124
db163495-7358-46e7-80c0-c531391220de,Smart TV 235,eletrônicos,1861.44,44
9eab1356-06a1-4b0c-9621-8e49b3abc946,Smartphone 141,eletrônicos,2261.19,80
d5fc28f4-9494-43e4-ac72-64ed6e3460a6,Fone Bluetooth 857,eletrônicos,361.51,5
93e8d968-befd-48f7-8316-386373db3321,História 216,livros,118.45,123
f4e95210-29e0-4457-8b96-5dba3d57b2cb,Liquidificador 408,casa,331.83,134
9dd8a6cb-56de-4d1f-a12c-0496be7d23e0,Infantil 839,livros,49.75,62
127213e0-1258-40e0-9259-3b4d2e83b59f,Caixa de Som 244,eletrônicos,289.46,82
26bf6942-540b-4367-8306-d0ee6a883b38,Livro Técnico 817,livros,110.95,90
c4afeac1-0d21-43bf-9c02-648ca9c94bcc,Liquidificador 367,casa,163.97,42
509afa86-6c11-42f1-a173-153051180073,Romance 336,livros,31.46,20
ba4a1905-2b9e-45ad-ad17-a3b1ef2d6dda,Infantil 947,livros,38.37,54
bc5e45f6-97cf-4b75-b6f5-6cada9917215,Tênis 121,moda,576.72,124
d5dd12c6-c66f-4488-ba24-eb4a11fa6059,Boné 507,moda,37.57,46
2c5985d2-4bc7-4a2c-b5f9-5a0faa0dc260,Liquidificador 724,casa,169.25,121
34890dcf-0e83-4bfb-8c1b-793101837b38,Autoajuda 325,livros,,131
c2e7d091-fced-4dba-bd09-f8e28a3d0c8f,Panela 529,casa,239.58,119
faff17ed-74c2-4053-908c-9ca147a4206e,Boné 422,moda,,138
7aa601da-77be-4439-8041-24594f82b92e,Liquidificador 996,casa,301.0,72
789c3027-49f8-404a-8269-e6399ca63569,Calça Jeans 793,moda,82.41,103
50e8d9f4-6b02-49de-9d65-ee777d7cada6,Romance 725,livros,,147
099574b4-2b92-4247-8c5a-c70a0e862c18,Liquidificador 720,casa,247.97,120
087d2753-943f-4199-80ad-bbae37d49bd8,Camiseta 105,moda,81.6,88
de543b1b-030a-4063-ba0c-a7c834ad8cb5,Mochila 259,esportes,-198.42,138
94eb4ae9-3b99-4de2-84a5-51859b0e9d97,História 444,livros,79.74,114
8793d0f6-1670-4ba7-ba25-65b9446387c2,Bola 147,esportes,61.74,70
92fb778d-8215-4837-b063-e7c1c9992e1f,Smart TV 258,eletrônicos,3032.1,21
826719c2-d4ca-4276-81fe-ef07e655135f,Sofá 856,casa,2547.61,53
7bc7dc10-501d-42ea-9813-bb62d254e84f,Notebook 489,eletrônicos,2112.95,122
abd86268-9bc4-4b62-a92a-db25c1faf2f1,Mochila 714,esportes,249.15,126
4bc2754f-9ff1-42f7-b281-cf64fd28ac4b,Livro Técnico 544,livros,175.96,13
d7ddd8bf-e4e8-4e36-9997-89f03898c97a,Cadeira 803,casa,,39
61f511eb-def4-4b0f-9d40-192a8d70709d,Livro Técnico 235,livros,-85.35,112
aa765ea3-7102-49bd-a8d0-51e35b2c9a05,Lâmpada 379,casa,-39.91,78
159b1a67-a247-41a5-b4ab-33c9d31c83e1,Caixa de Som 850,eletrônicos,459.15,23
65ec6208-7db5-4c68-ba79-1df30b51a1f8,Tênis de Corrida 372,esportes,309.87,6
e7d3aa5f-33e4-4196-889f-fc2a4332915e,Panela 483,casa,111.11,129
326e05fb-5eaa-44e4-b1bb-771fa1b3028d,Caixa de Som 485,eletrônicos,707.83,94
8215eec3-ac78-474a-9b4a-8638e32dbb33,Smartphone 475,eletrônicos,2703.81,20
fb6c177d-554d-4e4f-8c38-9047446fbbb3,Smartphone 187,eletrônicos,-4305.22,101
6124de65-3668-4509-9742-b3ae28265d22,Caixa de Som 515,eletrônicos,810.45,44
739f43d8-b5b3-4dbf-a500-5f3167217f98,Romance 748,livros,72.46,142
08889144-9c44-469f-89a4-2301b3279b2f,Caixa de Som 453,eletrônicos,,121
937b6f51-96f7-49a2-807a-4133d9c36878,Bola 571,esportes,63.93,37
9544babc-e0e9-4434-be7d-4a1f668784b9,Sofá 115,casa,2858.75,42
222b9c1f-2f04-427a-ac04-44c874b42054,Caixa de Som 750,eletrônicos,845.09,74
8a8ec55b-ecbb-4a98-964a-21e470039464,Calça Jeans 447,moda,143.2,69
bcf95d89-7c6b-4e2c-ba69-65b0de670f5d,Livro Técnico 716,livros,62.72,60
599997bf-211d-4bde-a4b1-f06822972f70,Fone Bluetooth 413,eletrônicos,378.73,84
bd78d549-1d18-4418-9f2a-5b5909ace447,Autoajuda 824,livros,69.86,25
a3678da2-0d5d-40ce-904b-26a6ea331406,Calça Jeans 531,moda,108.7,81
24c3bcf5-85ad-426e-a0e4-ce368a15dbfe,Caixa de Som 899,eletrônicos,613.78,86
8eb6e476-c7c1-4061-8fa3-190fd213ed06,Tênis 761,moda,565.5,132
64678758-6847-4a20-b867-111b300cea50,Mochila 942,esportes,125.35,138
46e8d670-2c56-450e-aa34-3cf7616d630b,Jaqueta 149,moda,295.46,85
64f19895-add1-424d-906f-7eaa1846a181,Notebook 150,eletrônicos,6573.94,33
68461654-0995-4e9a-94a0-ed1646d0fc59,Infantil 616,livros,32.81,2
e4875931-3462-4aae-82e9-c69d21d12c49,Sofá 688,casa,1382.28,35
563877b5-95a2-4d25-9e31-f16813d21d92,Notebook 484,eletrônicos,3282.64,8
f5939e0a-3dac-4dfe-9a6f-07d37fc19062,Romance 189,livros,57.13,37
b0308536-a400-43ce-b948-4643ed369673,Romance 942,livros,41.81,68
3874bb0c-4024-4b76-b576-beddaab58c32,Sofá 715,casa,1121.64,104
012a2e84-c5ad-4005-bbc9-90da0576e211,Lâmpada 175,casa,58.45,137
efa54a5a-9310-440b-9c29-46f9b279f5af,Autoajuda 953,livros,37.02,137
31aa6492-a864-4489-8ade-6acd5ce23db7,Fone Bluetooth 172,eletrônicos,647.43,19
8a8d5416-4a7c-4288-8c7f-34d7dc5f9796,Calça Jeans 866,moda,145.77,88
978a4f00-7d11-475a-86d4-f05b96c99a53,Fone Bluetooth 678,eletrônicos,512.99,129
b95b02bb-d2a5-4900-8aef-328b8325af85,Lâmpada 880,casa,49.17,118
e95dae0b-514f-4ff3-9858-e365f41b0121,Boné 225,moda,49.39,32
4c955348-6407-4f43-86c4-a9d9912b3d9c,Romance 221,livros,29.63,150
cb327c56-44d8-48bb-8d3c-03ad742ce559,Skate 121,esportes,484.35,20
bf7f6f37-c470-4616-8434-86ef417be0fb,Bola 377,esportes,138.24,100
a161ce09-3f8d-4a97-85b1-81bb10a6fc9c,Tênis de Corrida 310,esportes,315.23,80
0c378e72-35cc-40d2-b3d7-6a3e6a200547,Tênis de Corrida 266,esportes,345.68,27
003290b0-7c77-490c-a395-daf65b5c0779,Tênis 876,moda,-170.75,131
e3d3eed6-653b-4ba7-a365-1fc028a9b01b,Caixa de Som 745,eletrônicos,398.34,80
8747ccf8-9fd7-4803-9dc2-d1c87b135265,Infantil 233,livros,,62
80e57b19-5e54-46b4-acf0-867c39a11003,Mochila 743,esportes,,46
dddd53ec-f168-42cd-bbc2-c299134c67b2,Autoajuda 795,livros,87.12,11
b1fb3f21-ec4d-4db9-99e7-5007c7126bac,Bicicleta 321,esportes,2206.87,16
29144b6e-5d32-48ad-bd59-5cf0afc94525,Smartphone 187,eletrônicos,1432.55,77
62594d46-9731-429d-904c-3a169f6d7f20,Sofá 419,casa,1393.92,36
39f73456-151f-4f93-af04-d155243d055a,Smart TV 724,eletrônicos,1827.55,82
4a0a4ed9-9242-4472-8789-98b3ffab9379,Panela 528,casa,281.04,69
e3a67056-5969-4272-b387-56b7e6a73589,Autoajuda 861,livros,93.76,43
f72dc50d-c603-4d68-9349-733f5bec65bf,Livro Técnico 632,livros,126.5,16
272f3028-3c20-4450-aad5-8dea909f1ca5,Livro Técnico 500,livros,170.98,103
b92e4c46-eec1-403b-9bbf-c67aadb84f2a,Jaqueta 961,moda,373.69,45
6fa6b724-e246-486c-aa58-98e77ddebed9,Tênis 543,moda,305.39,32
1114fdac-ee7f-4bd1-9391-9d7ad20bdd47,Tênis de Corrida 308,esportes,,141
db6e1ab7-c088-4876-8407-a6a0f1268de1,Liquidificador 497,casa,316.43,146
a329d187-dce7-47e4-93e9-a550def76e04,Fone Bluetooth 428,eletrônicos,411.32,148
0d4c7617-1284-4e55-b80b-0ce4ed46432b,Cadeira 942,casa,485.59,145
1f2639ad-32f9-4eba-a071-76609eb565d2,Sofá 204,casa,1353.37,143
bbf9e967-dda7-4c97-b31b-194d29585e29,Smartphone 262,eletrônicos,2600.8,28
adaff39d-55fe-4324-a805-9628805a55d4,Caixa de Som 617,eletrônicos,876.1,8
30621718-2b9f-4b6a-b07a-c0a46d67211b,Tênis 688,moda,464.11,27
31f8e0d1-f44c-4c15-a635-5477b1d7f16b,Tênis 641,moda,463.03,52
908d98e0-7b20-4d32-baa2-f79959fd8683,Bicicleta 431,esportes,817.12,7
d08b5e83-f6cd-44e5-897d-3bba78108ae9,Smart TV 110,eletrônicos,3776.79,120
b82fd4e7-c224-4d21-97e2-0bf136958686,Smartphone 784,eletrônicos,,22
1fd6c19c-937d-4cc5-a471-069d06b48cf8,Tênis 386,moda,343.22,132
d2feca64-e404-4122-9c04-e02e81ddaf09,Panela 988,casa,233.8,24
6ff88136-23fa-4418-86b2-e34f42b98782,Skate 678,esportes,368.38,33
1515664f-58dc-4f0f-8120-ab20ee370596,Tênis de Corrida 463,esportes,579.91,143
c4718ba5-ce11-4a43-8d5f-cebf0f0d1bf8,Tênis de Corrida 593,esportes,,88
ae002462-2aeb-4258-a5f7-fc4521be4ed4,Camiseta 819,moda,51.96,13
0fe772e2-67a8-4bf5-90c3-d50401eebf70,História 504,livros,84.51,78
82c2624c-9975-415c-a47f-511c263e39b6,Tênis de Corrida 208,esportes,367.72,32
cb4882b6-4368-44c3-bf87-212d2621fe86,Sofá 896,casa,1116.38,66
e1ff6752-37c8-403b-8764-231141e7d311,Liquidificador 748,casa,378.24,18
ef1049a8-ce3f-49aa-9e0f-84c155ba41f5,Cadeira 670,casa,407.14,104
e47ef414-6e7c-4fc8-9d00-7f96e7d812ae,História 908,livros,94.71,37
15f1e9d1-9ac1-4479-92da-486ae4496d31,Lâmpada 651,casa,63.74,133
d106eb0f-e84f-4bca-8787-8eb841f9f691,Sofá 206,casa,2840.51,58
9c9ef933-7a3f-48b2-b52e-7a55478ed1af,Caixa de Som 243,eletrônicos,522.71,126
87241a7d-2fef-4d11-88df-365f0e695c2f,Smart TV 275,eletrônicos,3142.03,121
41892a19-0342-4ef5-adcb-9817187f749b,Panela 616,casa,73.97,58
6b63db64-e143-4a0b-981f-87c53cc29183,Panela 532,casa,270.5,107
bb3c3e21-a029-4a7d-ab40-fd8628dd18cd,Notebook 362,eletrônicos,3129.31,23
7c454673-08b9-47ae-aabd-817ba4586bd0,Sofá 567,casa,2657.0,55
6634bfc5-be31-49aa-9114-fef9f9c0851b,Mochila 912,esportes,175.34,30
43c0d99d-eab6-4793-8783-2ffd02225836,Romance 710,livros,47.26,46
b0d5c32d-e751-4264-978a-c53d930f3a26,Bicicleta 587,esportes,813.24,46
2a1cd29a-70d7-428e-bfd8-ded4348e1ff8,História 754,livros,61.42,48
4b688833-5440-41a4-9b58-59a125b46508,Autoajuda 576,livros,30.0,33
2c66b03f-2404-4539-8ef1-dc6d75ef8d43,Caixa de Som 465,eletrônicos,558.38,10
7faccde1-0929-4a4d-8711-c8f7896b9a15,Cadeira 217,casa,168.88,73
93bbc347-d449-4351-8b5c-65b28afc9c5d,Bola 244,esportes,,102
2fb33641-e4a3-4cb7-8217-b8bf2171df23,Calça Jeans 806,moda,187.62,6
731cac87-1c6c-4a6f-b55d-69fc8314f8f6,Smartphone 310,eletrônicos,-2516.96,122
d8ad8260-63af-4a54-936f-3e642a1a6026,Caixa de Som 519,eletrônicos,948.42,36
8c721707-5ec5-4a80-985e-ef3b44a69e7c,Notebook 164,eletrônicos,4039.39,110
1a47ae22-0fed-453a-98a2-f689f152186c,Smartphone 238,eletrônicos,3951.32,46
4e1d6097-a898-40f6-8555-00bf6b2e30f2,Bicicleta 982,esportes,1623.57,23
2cc22bc7-57e9-4084-9d76-b1cc322af854,Jaqueta 558,moda,160.03,143
01988e3d-b5e7-43df-b32e-3704f76bbfa7,Smartphone 367,eletrônicos,1208.79,130
43102665-a6bd-4974-9e35-02d569d49657,Notebook 590,eletrônicos,-3007.76,120
e1046d45-05fc-4cf2-9beb-3203abb91775,Bola 686,esportes,60.12,38
d607585a-5b3a-4045-b3ca-ead8cb413ee7,Smartphone 732,eletrônicos,3580.68,142
ac7457a2-d87d-43a5-b844-7d6badcb1bc2,Caixa de Som 889,eletrônicos,631.89,50
0a0c26c3-0d6b-48a7-a97d-cdbfb1cd87cc,Bicicleta 852,esportes,1655.67,34
ab3a3c61-4c23-4b1e-81b6-dd09c27f9411,Livro Técnico 412,livros,127.62,26
6eec2faa-d569-45bf-b12b-e0684e3a19f2,Smartphone 703,eletrônicos,2975.09,9
605a172f-9ded-4446-aca0-9ecb63db2423,Skate 680,esportes,711.3,11
548ca5c3-ecef-43e6-8bf1-4e5c55df4b92,Cadeira 789,casa,274.9,18
daf7604b-144a-4624-ad01-b64a9ca5f095,Fone Bluetooth 204,eletrônicos,767.04,95
710c9a87-3132-408f-bbb0-1127fef4afeb,Bicicleta 472,esportes,1031.85,134
06aef3a4-c309-45fe-a3c8-b26e5fe2b717,Skate 352,esportes,394.33,132
19cffb4c-1526-4c01-84c5-0efb6a83b723,Tênis de Corrida 424,esportes,257.02,92
fe17eec5-4c1b-4997-82b9-0e8893778b85,Camiseta 700,moda,107.77,95
d4910d02-d9d9-4ec3-a0a9-117c3d46a8e1,Autoajuda 966,livros,82.74,31
0b00d9f9-7a0e-41e8-9ec4-187235522809,Fone Bluetooth 871,eletrônicos,414.41,127
8f1cd2a5-2af2-4ade-9268-0f9d8ebb7e10,Smartphone 701,eletrônicos,2829.6,127
3df1804d-df56-4f21-b1cc-ac1508dfe632,Tênis de Corrida 735,esportes,400.92,135
a13b9da9-6f8a-45a8-83be-69b8d701e039,Bola 590,esportes,182.66,75
31401a10-f9d9-416c-abba-811a241b73c9,Camiseta 894,moda,94.36,51
bfd74d24-95ca-428b-a10c-53e0e213f6f1,Camiseta 716,moda,41.0,38
6fd3b435-3a0b-4624-a49a-d4d6bd7029a7,Camiseta 379,moda,112.93,78
515f2ad3-a621-4c25-b784-96cfdfebcb72,Bola 138,esportes,121.56,34
753b3734-152d-429d-a287-166d9891e7ab,Autoajuda 955,livros,30.77,30
aeec26c1-8c8d-4790-9135-ab22cdc8019f,Mochila 614,esportes,190.44,125
75ec3d45-22cc-4906-ba85-38257169294c,Romance 414,livros,48.05,113
7059cb58-7698-4d75-aea6-47357afbe165,Camiseta 721,moda,75.52,40
5449e8c0-f566-4f55-a07c-ff1a9c780cf9,Livro Técnico 465,livros,101.24,27
7d5b653f-242a-49aa-9bbd-3d3c30d7df6d,Tênis 983,moda,253.76,81
0db5d97f-253f-4d7f-8e44-dc8c212fb4c7,Boné 743,moda,71.18,57
7463d60f-595f-4c0a-b2de-cea0a1f6a4f6,Infantil 398,livros,36.23,85
6bb5145f-38ba-448f-9026-c7c7de033ee7,História 374,livros,94.67,110
b7da655c-faa2-4ac5-9658-deb3e37942df,Mochila 538,esportes,139.27,127
4f0af1b7-2f2f-48ca-bc98-ebc440273e12,História 607,livros,52.92,75
3041a8be-cb64-4e75-b452-68b29b3d5b96,Infantil 445,livros,27.83,80
c31ef076-6694-44ba-880c-88ac793c4cc4,Liquidificador 866,casa,142.0,86
37ad3c3f-e42b-42ee-9538-7173f25bf05e,Boné 659,moda,30.62,147
cab0dc4f-c8eb-449b-92f4-91aeb5e0522d,Mochila 511,esportes,157.67,55
2b13b878-57fb-4ccc-afb5-ef931155add9,Caixa de Som 339,eletrônicos,402.79,51
52156126-9ad6-471a-864c-e2f4b62a02b1,Romance 450,livros,29.22,41
28a5cbd3-319c-4b9f-a146-6f4f773ebc57,Lâmpada 588,casa,34.66,86
5312b3ca-a426-4288-b308-870e0f45b30c,Romance 172,livros,68.17,105
bcc11fd7-1f6c-4ba1-9238-658f97d889ae,Jaqueta 447,moda,292.4,17
a4ec555e-5782-412d-a34d-b6293d35240a,Liquidificador 498,casa,265.67,4
98c75dc8-934e-413f-8501-cd742d30d1f5,Romance 845,livros,71.91,34
f0dacd9e-e55f-467b-90d3-6e0fd716eb52,Camiseta 777,moda,83.09,128
43fb741e-c466-4a8b-8206-cc2553d80569,Infantil 647,livros,24.57,59
860d758b-c80a-4cfc-84fe-277ca2ffbaf6,Skate 906,esportes,,42
4cc0863e-912c-4068-b3ef-ea89de769df4,Liquidificador 860,casa,-112.43,73
6425b72f-deb5-4fa5-adc7-c9139fcdfc48,Autoajuda 547,livros,52.6,55
011560be-4b3d-4b94-b26f-735ab847c5e5,Mochila 121,esportes,158.79,2
863eb46b-4032-45c5-9daf-14321dc8e036,Notebook 590,eletrônicos,5201.02,17
bf6cab0e-2e10-4204-867f-e98537759521,Bicicleta 196,esportes,,44
0ada6d2d-4610-4bed-a9b4-c21bbd4acd0d,Jaqueta 877,moda,131.91,100
9db08e26-f711-4f79-8e57-483e91754e05,Notebook 129,eletrônicos,4807.09,128
57f7559b-066c-4de7-87db-612f2981cfb5,Infantil 960,livros,22.82,129
dafc2400-4367-47b7-8469-5c5a49058de5,Camiseta 223,moda,99.19,142
defc0b40-d15e-4168-9042-721cc8ef3e6f,Sofá 962,casa,1908.01,16
3f1687ed-8ef7-4359-98e7-7d451909a456,Fone Bluetooth 102,eletrônicos,687.21,57
5e5db689-de19-4dba-b1f0-a48fa261edfd,Tênis 243,moda,158.2,47
eb079476-0fd1-4aa9-a20f-f64188950000,Lâmpada 842,casa,15.46,23
cdb3f69a-cd32-4407-bcff-3100fde106a8,Fone Bluetooth 374,eletrônicos,681.61,59
2db38389-f868-44aa-9431-38fee175651f,Notebook 329,eletrônicos,5191.12,105
65859141-501a-4dc1-839a-ad7e19399e24,Mochila 276,esportes,143.67,87
7088a188-8f96-4796-9af2-69993955c6f7,Lâmpada 310,casa,56.19,99
dd70dd1f-33da-4836-aaa4-4afe7591adf5,História 995,livros,67.93,103
bd294954-961c-4ee0-beea-caca418f66f9,Infantil 297,livros,25.76,95
5f272e87-9ee2-46c2-8166-585ad056d216,Sofá 837,casa,1303.65,22
a83c09fa-c395-40d9-b8f8-8989b288754f,Livro Técnico 248,livros,139.45,93
4f959e3c-f154-49cc-ba33-2ba7337800b9,Jaqueta 572,moda,289.02,80
780fa33c-bb89-4f3c-b0e7-3c4b8f9589c7,Boné 256,moda,,33
c24d806a-b323-4da5-bbd1-cb3e73e003ac,Fone Bluetooth 723,eletrônicos,536.3,125
df9524c8-c1f7-4eb0-bbe3-5f95c7382a3b,Livro Técnico 820,livros,112.16,29
ba8a313d-f75b-4d43-8b5a-43d11d392163,Romance 254,livros,36.75,126
08c14623-aa6c-4f52-9d8d-4f9d1468f4d9,Liquidificador 982,casa,134.5,130
31534055-2e13-4673-81ee-0b88701a0b8b,História 327,livros,81.16,46
47820982-fe4a-47ae-9d6c-8cd472072cbe,Mochila 402,esportes,227.45,3
ea5fdec4-d751-4f10-871c-1c8ab66e6e73,Liquidificador 998,casa,114.2,86
2fc02902-4bc9-4aef-8e4d-4836f0f8da6a,História 984,livros,81.83,65
afa5974b-035d-4077-a2b4-a8498627dca5,Mochila 655,esportes,153.65,23
fe1df65d-05e0-410d-acd1-b0b0a19f0ada,Skate 808,esportes,398.53,101
a5368635-dbe5-4292-a869-e959f320f0b0,Autoajuda 651,livros,41.97,21
2aa809ed-3f4f-4cf1-a446-56b2b705b5da,Liquidificador 943,casa,263.91,96
136ea54e-99b1-468f-b332-054ae6d20793,História 685,livros,73.57,65
2d5eec5b-a62f-4fda-ae4f-fd6ce24fde9c,Jaqueta 400,moda,171.64,44
2e8fa958-30f2-4865-a401-e769159759c7,Jaqueta 788,moda,334.63,148
dd40aaba-d361-405c-99d8-18eed75deb9c,Smartphone 920,eletrônicos,4190.29,57
4d7a6852-ff0a-4711-b107-17a57bc2bb97,Panela 821,casa,164.25,6
6631c80f-9ecc-4a4f-afde-2f0322f4aca3,Notebook 299,eletrônicos,4860.45,92
c6c450ec-135f-45c1-9feb-07bbb9b680c5,Panela 218,casa,234.95,103
4076be17-4c36-42bd-a256-6824c31c8e11,Tênis 456,moda,431.9,88
9cba6076-a64a-4d1c-8440-5caa058fd560,Tênis de Corrida 457,esportes,349.4,23
4270d0fd-0d33-41d4-bdb5-0da8a8a287de,Skate 820,esportes,515.83,104
6138a313-b0e0-43fd-993a-cd67eee28cf7,Smartphone 861,eletrônicos,1181.66,138
4be7bf8c-035d-493b-8f43-48bc17877e2c,Caixa de Som 409,eletrônicos,902.81,21
fd4e5c90-42a4-4bd0-b6c8-c3f6f6f186cf,Lâmpada 480,casa,67.61,12
682589c4-712d-4af4-9f0c-511ff0ef1e13,Bola 198,esportes,136.55,95
5dc96d70-3c97-4519-80ba-f85e5862e32d,Smartphone 688,eletrônicos,3184.24,74
6dc98f4d-0408-4083-9c47-497cc15eab45,Skate 175,esportes,268.69,140
4859bdd1-b51d-4272-b405-b38fbe400260,Smart TV 212,eletrônicos,4059.53,150
f3b5987b-ac93-411a-b8ae-342e1808b660,História 284,livros,85.64,20
fc412e80-b53f-4909-b121-1585f306f55f,Mochila 434,esportes,175.0,33
afe970f6-8ec4-4a2b-9003-d74c811f7afc,Bola 842,esportes,120.2,77
3fa0ef77-3f4f-4df8-9494-eb23dc9e9946,Fone Bluetooth 500,eletrônicos,799.06,144
5cb8b4ac-d6b1-4695-aa1c-5c461232b534,Mochila 266,esportes,145.55,111
aa1c6d60-5a4e-4e0c-9ac2-5b5ff373f7a0,Tênis de Corrida 719,esportes,314.85,94
b950ad66-4710-4395-a3f1-1934b29f6232,Smart TV 226,eletrônicos,1399.88,27
0efcba5e-7cae-4cf8-aba0-b0cff0cd2dc7,Panela 580,casa,177.87,62
87e0fc55-09cd-4720-8911-6a4ab3345467,Autoajuda 662,livros,78.26,42
1569591c-6e3e-40dc-8347-5167936ada97,Sofá 814,casa,1265.6,97
607cfe8c-fade-4820-a85b-25b23ecbd20b,Lâmpada 528,casa,44.52,83
b1346ee4-37f0-4766-9501-14045200967e,Smart TV 360,eletrônicos,3331.5,58
88b56b61-1e95-4925-9a33-7530949add16,Skate 793,esportes,660.07,10
c364cff7-5738-4871-8725-3374eaf7953f,Camiseta 629,moda,86.76,2
847d25c4-1316-4cba-ade1-41a5a27bc4c8,Panela 276,casa,145.92,100
ca8c7543-0144-4edf-8ddd-38750abe8e34,Cadeira 526,casa,568.1,5
1479add1-01a9-499b-861a-e63acabdf6d9,Caixa de Som 318,eletrônicos,940.1,104
393851f6-a3c5-4259-9ba5-419e52935ce4,Lâmpada 420,casa,52.65,9
b8d551a4-080b-469d-9380-07fd9dd1bb2a,Romance 229,livros,,54
723a6446-c8b1-4c9c-ab4d-64600c22ce32,Jaqueta 416,moda,397.67,128
0f614a7e-baf0-4cec-bce7-17cc760ee222,Fone Bluetooth 929,eletrônicos,730.47,43
c3c61d60-6e9f-42bc-93a4-3cce32297bcc,Bicicleta 950,esportes,1448.23,99
2439d8c1-27ef-4da6-a5c5-d99965c3f856,Skate 159,esportes,792.44,138
4f2db9f0-e68a-4c45-a619-bd19cac5e1da,Smart TV 724,eletrônicos,3793.04,54
c2a4b57f-3390-454c-9cfa-377a5a04f888,Romance 881,livros,43.72,69
311dc076-a86e-4652-8852-085fec48fa33,Livro Técnico 152,livros,99.96,121
0158df61-ba96-4ead-964a-d5edf9eecb5c,Infantil 716,livros,53.26,102
7ed4ec8a-5eec-4ca9-9e55-9648c814e80d,Romance 380,livros,28.71,47
218f5070-d877-4465-84c4-92ae25043875,Caixa de Som 868,eletrônicos,251.88,84
4b00ec0d-82f4-4411-aaed-8f2db859ead0,Smart TV 842,eletrônicos,3757.74,71
30e60dd0-43ee-46b2-a180-b6726a56620e,Lâmpada 746,casa,31.09,35
17843934-cb2d-4610-a3e0-9b415deabb7b,Cadeira 749,casa,157.1,68
6dc953eb-7bde-499c-8804-57e48186be9d,Fone Bluetooth 647,eletrônicos,121.02,99
8ae87632-b605-4f8a-aa18-2e0d9b1359ae,Caixa de Som 691,eletrônicos,686.0,38
95f95df1-12d9-4920-a804-e965e03ff54d,Infantil 270,livros,24.62,113
4502ebd9-2eaa-42f8-80dd-91320b84a741,Lâmpada 963,casa,24.13,51
4315f5ac-34a4-40a0-af6b-847c06e67125,Tênis de Corrida 316,esportes,365.3,139
b407ac01-c073-4e02-b672-20b6c641150b,Livro Técnico 532,livros,,48
9afe0a86-b4e9-44cb-bde9-c6be386f4ec8,Tênis 794,moda,316.75,111
f269bfa1-81d4-4344-b911-1630ba227e49,Calça Jeans 844,moda,117.77,114
cf8fac07-8d17-4bab-a5b1-0de132ec8145,Tênis 959,moda,375.36,106
7a05cc06-ccb1-4da7-8e45-736f01d20233,História 764,livros,105.4,138
0bbeab4a-80cc-4687-992f-6a8703837210,Jaqueta 761,moda,289.07,135
a947a443-9029-4ae0-80df-f77699f93631,Panela 157,casa,221.23,4
50079503-baa6-4c20-aa50-e9350deb8635,Mochila 395,esportes,265.64,130
ed6af9df-3c9d-4f80-ad7c-865d66eb352e,Fone Bluetooth 360,eletrônicos,691.91,0
50404c20-120e-4224-8584-e5e6b1d4c993,Bicicleta 909,esportes,2497.63,58
4c816084-20c7-44af-a261-f4b50eb5ddae,Smart TV 567,eletrônicos,3516.04,87
b00b3a9b-cb27-48f9-a796-7af586a5298f,Infantil 215,livros,,63
8c09d7b4-5ac2-4f3c-b441-2fe1a04f3320,Jaqueta 849,moda,161.01,57
4771d445-a15e-40ce-bc67-c408298fbde0,Jaqueta 613,moda,,137
b2fafe37-a278-49a2-97cc-b84aa1ae3855,Lâmpada 566,casa,64.2,103
6b7a99e8-056b-4044-b19d-2c1c1b5505bb,Autoajuda 682,livros,56.42,80
f77f070d-7598-47eb-8448-f874d90239f9,Jaqueta 582,moda,190.1,72
8c2ff365-7856-4a0e-b24e-ac808157667f,Fone Bluetooth 143,eletrônicos,609.0,40
d3693d27-7b7a-492d-9547-44c557d53309,Caixa de Som 389,eletrônicos,708.16,17
192034d1-af73-4f00-a7e1-c8fa21de71d3,Panela 106,casa,203.54,36
6b2297f4-8e99-443a-8993-b69d03bedac1,Fone Bluetooth 752,eletrônicos,402.1,98
62bc9ba1-3ff5-40c8-aab8-48a41fe60e31,Livro Técnico 809,livros,81.05,92
80e34a15-cd03-4492-9d59-aecd03ccd25d,Infantil 492,livros,44.61,45
ce84e44a-9187-43ea-be3c-64b6ac899631,Infantil 867,livros,45.02,90
de5a247b-ea5d-4e44-a36b-f932916de14e,Tênis 130,moda,555.46,141
351c3a7a-ebc3-44d1-9048-1ad6aa72bd6d,Fone Bluetooth 425,eletrônicos,700.02,97
1d7add1f-757d-4e7d-bfb3-de2e5bd94ee4,Boné 336,moda,38.28,14
610f990c-b23d-4303-98f2-50d005f6a123,Cadeira 274,casa,593.15,138
8cad63f2-6b23-426a-9953-6506e85d75c7,Camiseta 694,moda,69.77,9
e0385743-5e5b-4c16-b0e0-ea205d7e643a,Panela 113,casa,227.95,70
d6d8fc5b-330a-46fb-ad29-48ff5a84bf95,Livro Técnico 115,livros,139.02,92
d0a28719-bc64-4acd-bd75-dad6ad68994a,Panela 518,casa,198.82,57
e76a52ab-e530-4518-a5b6-f096c01ab79a,Romance 692,livros,26.28,85
9f1cf812-5563-4068-ac66-75b464987eac,Cadeira 892,casa,-419.19,75
9ec8c95e-95c6-4c56-8dd0-cfe845508801,Smartphone 775,eletrônicos,2176.05,53
cf5b8e90-546d-4a26-aaca-7ddad626494c,Cadeira 356,casa,398.35,31
90571959-0aac-4103-b9b3-780b842611c9,Cadeira 679,casa,567.57,27
3d0ade88-77b8-457f-9757-1772a5197927,Romance 971,livros,57.84,138
b4754c35-4ce3-407a-b9a6-07f297794010,Autoajuda 941,livros,33.54,131
570086d0-07b2-4a67-83be-65224fb168d7,Romance 860,livros,57.91,96
1a8bdc30-7f02-4b1b-890e-b5eb525f0031,Cadeira 242,casa,381.43,26
26be5a15-84df-443c-9f79-35a5342790a3,Bicicleta 718,esportes,909.65,125
23a2c31f-b86f-48b1-9dea-ee1279065a75,Bicicleta 544,esportes,1283.56,35
338bdcd9-5be8-43e3-a4aa-a724bde34f1c,História 734,livros,,10
63eb9864-244b-4d09-b0f2-64048f0b1a79,Liquidificador 680,casa,280.56,80
40ea57b8-c910-4abd-bebf-b8d529d6e447,Smartphone 419,eletrônicos,,34
e78457b8-d294-4ec1-a99d-11ff31b18a7c,Tênis 371,moda,422.98,27
9e534551-ab42-4073-b5c4-c881b56f7baf,Autoajuda 769,livros,30.94,91
3eb1c612-6f6a-49cb-8da2-6b9f9d778cda,Jaqueta 548,moda,,18
3cfd8921-b4eb-435a-ab9a-eb0bf0d654ff,Fone Bluetooth 207,eletrônicos,778.45,138
84ab1f7d-ecb8-4b6d-aae5-1962e8f2cdf0,História 694,livros,58.2,116
3e0788c4-8c0c-42b9-bf6d-830c6fde85e8,Fone Bluetooth 828,eletrônicos,659.7,65
8d0c5958-d4a3-4123-9e61-8e38801447f4,Liquidificador 175,casa,220.05,74
92905392-c402-44b6-8b29-ef97e2b79f7e,Liquidificador 288,casa,125.96,110
eefa698e-182b-4371-a454-524b91bda392,Sofá 500,casa,1610.17,101
4ae60ae9-2e34-404b-b5f2-394df286b1e3,Caixa de Som 761,eletrônicos,731.99,0
eb346625-0cc7-41a0-9e7c-8ac885ee64e1,Bicicleta 344,esportes,1975.87,86
18e70d86-ac5a-4e4a-af48-9549a534b2b2,Infantil 154,livros,27.29,9
d36cb4f1-6b4a-4365-99b6-6d8697ee02f4,Bicicleta 577,esportes,1909.58,86
e51a0f37-d892-48ad-a443-99ee09960b80,Mochila 940,esportes,147.06,117
f465eaad-eea4-4044-8387-d04cccf4c851,Smartphone 772,eletrônicos,4027.82,52
68296bca-a5a7-45ac-a983-3c2d06d06a29,Camiseta 663,moda,43.61,28
00adefe3-41e3-427f-8d1c-f2567f84e685,Smartphone 422,eletrônicos,3471.27,62
02cd8a87-9775-46f0-a35f-7f20f64e42a2,Camiseta 650,moda,112.26,38
824b3430-3ca1-424d-bc61-0d354046c0ac,Boné 327,moda,-36.32,117
58e1aa6f-3bfa-4e75-8c66-76da590b28e1,Smartphone 299,eletrônicos,4865.13,76
24b01f39-1340-4af5-86c9-3b633446f5ac,Romance 719,livros,,42
84d5f135-7a13-4bce-b2ce-7132b96b7eed,Notebook 588,eletrônicos,3961.86,46
e9e14a8f-db8b-4102-b0e1-2f78fe852fbb,Jaqueta 762,moda,157.09,8
18f02985-3c49-4b67-b546-941439a8f70b,Liquidificador 688,casa,,36
5af5861e-0ecc-48a0-8dc9-ace864fd07c7,Romance 473,livros,64.09,37
d2c6a6f6-7ece-4a7b-822b-fbc4443fc303,Mochila 705,esportes,268.92,62
61387c7d-0158-4708-9a95-1e2d48a19632,Boné 298,moda,41.82,10
8c87f164-ca17-4283-a405-ceb5d1dc979f,Sofá 157,casa,2501.99,1
6ddabcc3-494e-4555-a7c2-a2ab700eb20c,Calça Jeans 871,moda,241.61,119
bd03a214-7bc2-4bb3-a253-b57c47e5202f,Mochila 513,esportes,277.41,79
e5b48b92-a622-4f91-8cac-2831e782b138,Bicicleta 772,esportes,1228.62,118
da38f67b-4607-409d-80ed-ce9743afa593,Skate 432,esportes,772.42,10
5bb6e2ff-9abe-4328-b8c7-e79f3198c664,Autoajuda 318,livros,58.99,80
089b205d-1e0c-42a8-9885-52863b83b3c0,História 418,livros,84.5,79
b7d6ae10-7808-4115-92a6-647e766aa105,Bicicleta 112,esportes,1903.24,131
ff07e167-bbeb-406d-80f8-1fcd0d3d73ea,Smart TV 434,eletrônicos,4525.34,39
73705976-55ac-4a3c-b5b9-e5354b4f888d,Caixa de Som 725,eletrônicos,533.24,72
1add7d4a-f0db-4913-a081-888cee0d389b,Notebook 688,eletrônicos,2133.05,143
c359496e-ccd6-47f0-9b5c-98024d681b88,Tênis 632,moda,223.09,96
f54a2f26-373b-47c2-a28b-f35a6e0bb7d4,Smart TV 599,eletrônicos,4984.33,24
fafb9592-7e0f-4b86-afb2-2d93103d6a2e,Smartphone 149,eletrônicos,3074.42,129
3029859a-8763-4858-bc2d-ed437af9fc82,Romance 648,livros,26.02,15
101482d6-0f4c-46b0-8c39-46f6fba59b96,Smartphone 539,eletrônicos,1989.43,31
966f5451-02bc-46f4-b062-b66d77c00cb8,Boné 892,moda,43.93,46
cf73f2b7-840d-47ed-9fbb-c056d9071586,Bicicleta 679,esportes,1413.41,60
9f915fe5-48bc-43bc-a31d-922c3f49630a,Romance 632,livros,70.75,47
37919617-6df6-4351-aa8b-00bc32dcb398,Fone Bluetooth 380,eletrônicos,309.26,137
16d5059a-b462-4cd5-a06f-82844506a1ce,Livro Técnico 225,livros,164.87,139
5d12863a-ba14-43af-9a07-4214903b8d3d,Tênis 359,moda,197.61,92
13a612c5-ba4e-47ac-a606-a7e649a6ab94,Tênis 529,moda,581.99,146
c61ddca7-e871-447a-a932-6b4242bc495a,Lâmpada 475,casa,35.52,53
20144faa-ae78-4fb2-8a9b-de05f9997f1c,Lâmpada 114,casa,59.2,101
65a280f9-21c9-4801-b8d9-a4d2f2979c2e,Cadeira 286,casa,147.38,100
a5b7e4cc-d492-466c-b3bb-b1a37ab7051f,Tênis 668,moda,216.56,79
03582230-3b9a-4e64-8601-7cdd45c4cb96,Calça Jeans 392,moda,110.26,69
d56c21a8-a78d-4849-923b-d6420cddfa48,Romance 402,livros,62.69,113
680bdc22-8e7a-46e0-b36d-c18495ec7955,Livro Técnico 323,livros,169.84,88
fbda9af9-6a44-4421-b7de-b913f91a6d2f,Panela 642,casa,92.73,113
bcfb9911-f99b-441f-92c8-de757bbad82b,Livro Técnico 158,livros,106.32,38
d10699b5-6209-4778-9502-861c8736b49a,Tênis de Corrida 872,esportes,288.2,53
a4be898a-05e6-4d23-be2e-dd337b7fab43,Fone Bluetooth 451,eletrônicos,721.03,36
27eaefd7-65a9-4b27-8964-35690cd429b7,Cadeira 991,casa,420.58,66
512ede55-53fe-435b-a254-8020ce9af104,Liquidificador 103,casa,335.44,121
8c7078d9-113f-43eb-aff0-5d337cdfa669,Romance 523,livros,64.84,33
6acf937e-907f-4227-9af7-a4c27948c81f,Boné 526,moda,46.15,110
de342b40-5f5d-426c-af3e-5edfb440906b,Livro Técnico 832,livros,165.83,80
cad2d8fe-fec6-405e-8ee6-f25dbdf27f7b,Romance 211,livros,72.61,31
20c06d1b-d767-427f-8162-df765aa4e66f,Autoajuda 400,livros,54.79,65
1c501b50-d94f-4527-8be9-9ca330176569,Livro Técnico 151,livros,93.61,81
79a14fec-1e4e-4d94-81b5-0d7f4f9913b8,Tênis de Corrida 838,esportes,451.06,126
4d09ae0c-101b-4677-b56e-2d55abe84733,Tênis 109,moda,575.96,5
24cad053-89ff-427b-8bf2-8855f340c3c6,Smart TV 446,eletrônicos,2467.09,94
1f6423e1-069a-4426-ba50-b25f708bfdcf,Notebook 524,eletrônicos,2707.04,138
c0a582e9-acf2-48f3-adef-60556a69fcad,Smartphone 991,eletrônicos,,141
153ff4c1-d822-42bd-b433-4da3c21c5aeb,Camiseta 775,moda,60.9,137
bfd071c5-d281-40f4-9c32-f5454d58e66f,Camiseta 458,moda,,60
06e68b99-4b19-4f9a-9927-6ece272ef361,Sofá 703,casa,2840.65,117
c6b918e0-9138-4c14-a9a1-a5a1d0ad2f18,Smartphone 534,eletrônicos,,88
1176e672-40b7-4393-94ad-1a3b4f16d11e,Boné 859,moda,35.76,62
4fa4b7c1-d6d7-48eb-8f46-f5bf41e9f6b9,Boné 235,moda,42.37,24
d4ff2da6-d813-4ca7-b4cc-0d3eaa4d4292,Tênis 107,moda,580.47,103
103bff3a-862f-43a5-ba7c-5239bb02939d,Infantil 963,livros,56.58,146
f889bed2-d2ef-4bcf-8d7b-7b81d102458a,Jaqueta 595,moda,317.13,35
cb96acef-a178-42cb-aa20-0063f9287329,Infantil 211,livros,20.28,97
51df6f41-5334-42fd-a1aa-72716c940a81,Autoajuda 167,livros,69.76,126
8509a568-b700-4203-b327-f67764710cde,Calça Jeans 214,moda,91.31,64
38ce516f-4062-45ec-811c-a3777f9ad36b,Tênis de Corrida 771,esportes,263.34,150
5a9f721d-2aaa-4e97-ba88-862a0e4085d8,Skate 142,esportes,727.71,72
2259dfd3-271f-4ff7-89e8-159886aa1b86,Lâmpada 632,casa,55.05,38
cf08d102-092e-4dcb-82df-5b5def2d04ce,Romance 663,livros,60.0,64
06ed0530-e2e4-400e-ae0f-17b1192622c6,Smart TV 987,eletrônicos,3611.9,94
c85994e7-dc95-46d6-b41b-f045d0d18b48,Infantil 458,livros,,57
833f934d-7a88-4892-8238-8e7ce843556f,Autoajuda 460,livros,85.82,7
035365ec-80aa-4d9d-968b-c96ee86c6ce0,Autoajuda 169,livros,81.1,113
1bf84929-b08e-4a65-8ea5-06da878f1aa9,Tênis de Corrida 895,esportes,314.69,115
ad258448-76a9-4635-b592-df162ae8463a,Bola 780,esportes,80.41,96
470449d3-729a-4a87-a445-764a1232366b,Autoajuda 318,livros,42.02,8
f99c4b98-dc31-48f1-9f1c-941236ee5a6b,Bicicleta 242,esportes,1712.98,65
3b685b2f-ecd5-4e3c-85e9-43c7305f637b,Livro Técnico 244,livros,139.52,35
d49617e1-3149-4475-bd52-2943a937a321,Romance 302,livros,42.92,63
d9437d56-0526-4152-8f0e-f8aafa31b98c,História 188,livros,70.7,13
15fa75d8-f7f0-4d7f-a138-256d498bbe33,Panela 339,casa,209.13,23
7cf0d73e-5d06-4abe-8451-c6c4b8826ce8,Bola 924,esportes,100.61,116
6ed470a3-859d-4032-a269-40584a2c365a,Livro Técnico 413,livros,150.58,9
c8ce5d02-f2ab-41b4-b522-9a2a370bf2bb,Fone Bluetooth 418,eletrônicos,328.36,123
93d32675-5b44-4c8f-be40-ccb6a22cabc6,Tênis 342,moda,450.34,76
4b73c70e-1a1d-45e3-a1ea-aa42e0ac0544,Mochila 357,esportes,208.51,13
66fef263-db7c-4c8c-9623-fcdd30771faf,Tênis de Corrida 470,esportes,224.61,102
23d974d7-f9cb-4610-a16f-a52591548638,Tênis 523,moda,502.5,132
9c4134fc-575b-44f6-aae5-a1df02d2ea81,Bola 534,esportes,61.93,3
6e82887b-5f1a-49b8-88c0-0310453f6ab6,Camiseta 267,moda,62.52,50
5f594b3a-b596-4e2c-a9b1-c089d3dc4fb5,Smartphone 132,eletrônicos,1347.13,95
2ed87703-262b-4e44-9dca-a211b3e5acfa,Livro Técnico 338,livros,97.88,140
222d27de-10fb-4d63-9590-be9356cb0053,Notebook 548,eletrônicos,4454.3,82
1342a49e-c846-4a7d-a14f-0a9d03e2da7f,Skate 407,esportes,692.17,97
83c0aa07-049f-4606-a569-f4d38d07ff15,Sofá 263,casa,1333.08,3
c794fb41-b5a8-494a-8abb-031cdf225af9,Smartphone 774,eletrônicos,3690.17,96
b47b7dac-ecbe-40b1-8332-903c3c32dc07,Fone Bluetooth 728,eletrônicos,652.64,106
953a784d-87ed-4e63-9b28-91b1767174ae,Calça Jeans 458,moda,212.75,104
141a2a49-fcb5-4737-9307-f39ece75ded1,Smart TV 712,eletrônicos,2311.76,40
cba97725-601e-490c-814e-ff8bf3d8e442,Romance 567,livros,53.47,83
dc352bc2-1045-407a-b58d-ee03a5959b6d,Tênis de Corrida 688,esportes,537.11,24
919fd607-aae7-4ecb-b155-df72a24bb4e2,Calça Jeans 726,moda,246.67,33
7738b53e-dcf6-4881-920d-05a5244f2a73,Tênis 256,moda,244.58,124
b474b52e-4619-454e-b787-e0333c722833,Romance 858,livros,46.1,81
499693c9-5155-4a7b-a218-1a4a97ccf7e5,Cadeira 456,casa,,105
65f16a3a-ba6e-4593-9e6b-e5c8c8a25cc8,Bola 515,esportes,154.64,16
248c64d2-5724-4c3c-a86a-e82a2f6676fd,Skate 311,esportes,493.3,50
13406166-3750-471f-a6c4-eac768e17687,Livro Técnico 439,livros,115.44,83
26a90438-eea1-478c-a1f7-0e30ecf36b70,Calça Jeans 512,moda,221.1,99
85928900-de71-46a4-a14b-63fb9591afe3,Infantil 420,livros,36.85,147
e9b87847-78c4-44e3-9fdc-929eb9111af7,Notebook 997,eletrônicos,6597.11,129
188d0782-cff4-4ebb-aa95-7844cac9f2d5,Romance 217,livros,66.84,69
e12c7a21-464e-4fba-9e05-2299a3fa0fa0,Bicicleta 772,esportes,2397.0,81
ed5d308a-5807-4d84-8201-9ec24c297bb5,Liquidificador 732,casa,216.85,127
6812fb71-9b3f-44b7-b72a-d008847ead5d,Camiseta 273,moda,59.77,30
0ce0a064-e2a5-4624-b82a-14f576dd894c,Camiseta 757,moda,82.72,60
469f5746-4329-4fd7-9a47-47b119b68155,Panela 516,casa,167.1,6
4bd1d70c-2881-441a-bffc-c9078cdedd1a,Autoajuda 683,livros,87.48,131
07a481b1-8a8c-4765-93a0-63d10425a20a,Calça Jeans 287,moda,131.14,88
d8662354-7a70-424f-ba34-e5325cc67fa3,Autoajuda 520,livros,73.93,118
35fc43da-47fa-4967-8627-cab6ab61a3c0,Skate 111,esportes,556.32,64
63e5bb7b-7839-44a5-a92a-f0cdf68bef69,Mochila 437,esportes,267.09,20
8294ae3d-cf09-4b36-abc9-6717a80211a9,Calça Jeans 399,moda,192.16,21
33a9f5a9-75c0-4464-be2d-8418be2113e1,Panela 504,casa,123.52,1
0b1c79cd-d3d6-491a-9e50-7c4ab35280ce,Jaqueta 547,moda,368.88,100
b46a6820-4cee-4b7e-a7ec-21d77b334f81,Bicicleta 780,esportes,1420.11,99
e2b85201-0fe8-4d1f-9460-58fc89a5948e,Tênis 957,moda,280.31,42
442b0919-ae35-4dce-9491-3b0d14964f48,Bicicleta 943,esportes,831.23,60
63e3150b-b6cb-417a-877b-907ad9bba53d,Sofá 866,casa,2146.2,91
541dd2ba-7778-4536-bb82-a71d9ae35685,Liquidificador 845,casa,230.01,150
d1cedc16-0f3e-4cb4-a28b-7440c6c51288,Jaqueta 647,moda,255.56,100
131bacda-2c13-4ab7-a922-02bb2fe2b673,Smartphone 963,eletrônicos,1636.77,123
2e8f4111-e8e0-4271-9a72-64a53be7c6e3,Cadeira 146,casa,463.72,42
a5caf635-17a8-445f-8876-a5cd393a1d1b,Romance 671,livros,79.28,36
9a747487-fdd2-4072-b73e-d565dbf92005,História 558,livros,83.69,92
88c814c8-86c8-4025-9ff4-6b042e227ad9,Infantil 574,livros,40.71,119
9a029684-3ff5-4291-84dd-8a27fa2c9af7,Smartphone 644,eletrônicos,4701.34,74
7e314e64-974a-469e-ac81-5f304865e470,Autoajuda 780,livros,62.69,46
4d386770-2a4c-48ff-a6ed-deb5fe0b87b6,Boné 830,moda,47.92,59
f3eb1c92-6011-4cf6-a30e-33714bc92e36,Boné 217,moda,59.85,132
56250705-e01a-415f-9c60-8d966232bfe6,Smartphone 623,eletrônicos,-3284.45,148
e2c88501-1d8d-48ad-8dbe-d4880e97d07d,História 133,livros,63.83,31
db7aa9e8-f849-404a-a412-7e6d2a338321,Notebook 948,eletrônicos,,79
02424357-8a57-41a8-870c-a938f2bf995d,Skate 343,esportes,555.75,79
fb06cdb2-7ccb-4d97-ba43-80c7bae1fa6e,Infantil 601,livros,39.0,45
2c473c7d-3f46-4fd7-89a6-6b7e91a0cb8f,Bola 271,esportes,167.49,1
7d2d1567-dd91-4be8-8ea9-c9ab743491b1,Smartphone 746,eletrônicos,3666.57,85
9cb6fa1b-d326-43e1-891e-f55e98778d24,História 984,livros,106.23,74
c4c9d3cb-e397-4d00-8d8b-9c6590c0002f,Fone Bluetooth 447,eletrônicos,273.47,81
c03af534-6681-460c-b22d-e5ee3001d6a8,Boné 907,moda,35.68,47
16ab7550-f79a-4180-9f07-4770240152fe,Panela 620,casa,93.85,116
f7fea377-f1df-46f3-ac62-44f92d12d6af,Skate 836,esportes,358.26,77
666cb322-3cf7-448b-b81a-0628465d2d12,Bola 989,esportes,125.65,94
e91efd90-cc4d-4e07-950d-9f3016809198,Tênis 504,moda,183.75,88
9f4652d0-6b09-4c8e-8a96-8be633821b1e,Calça Jeans 339,moda,110.27,7
4ae8dc6f-407c-4a80-8498-693bdc27dc5f,Skate 499,esportes,625.6,50
29a981c1-ec8e-40c7-ac4f-87da1d25ef79,Bicicleta 659,esportes,1457.28,62
135efb8f-5c69-45f5-93a1-dd16d3edf74e,Calça Jeans 347,moda,89.15,88
c9586e7a-9d5a-4593-9e95-93814d47c74e,Smart TV 999,eletrônicos,2960.61,35
1a80f2ae-4717-4f32-85c7-5e8f512e0118,Jaqueta 602,moda,163.87,14
7da56658-5e60-482b-863d-b274c9cc8017,Calça Jeans 336,moda,162.98,118
8ed98889-a1dc-405d-a8ba-9eeb808de6b5,Bola 687,esportes,155.86,107
729ae937-f1e6-4c55-beb1-0d5c3a761adb,Boné 206,moda,60.03,75
84c1bf9f-412e-41e0-a7c7-b2dc9a64d3dc,Infantil 866,livros,27.9,69
d6d84891-eefd-4e0a-a1db-3796986e3109,Liquidificador 745,casa,277.2,58
6cbcde7b-d99e-4a73-be53-0a12817e3f81,Autoajuda 968,livros,33.85,25
230add2c-56f4-4e40-9136-787ed1097fab,Sofá 368,casa,1838.08,82
7999da6b-fa25-4cf3-b45b-f32d558b7c43,Camiseta 366,moda,87.27,48
6dd0678a-8aed-415f-9a47-500c102c5503,Tênis 886,moda,528.98,116
ba98924d-4d6a-4235-bf7a-9c710daa2afd,Boné 655,moda,68.54,144
2210282c-4b90-47b6-844f-2678a5ea51a0,Camiseta 592,moda,59.79,142
77f280c5-0034-4c5b-b5fe-161dcf84c747,Camiseta 595,moda,82.57,136
84dbf436-31e2-4a7f-bb39-d050df6d383a,Infantil 633,livros,-24.84,47
bf4e7683-60c1-4dd1-a1e2-7e15eede182f,Livro Técnico 157,livros,67.55,66
6aeed8bc-bc0b-4a62-9575-6a5a8d01d6f6,Autoajuda 914,livros,65.61,105
ea558a39-1953-4a48-a69f-58f95167de9b,Lâmpada 641,casa,44.48,1
eb78ac6a-ea0c-4ab2-b6fa-3796da3fc021,Calça Jeans 720,moda,89.32,98
fbf0f6ff-a2cb-4fcd-8bdc-2ac76f7a5d6c,Smartphone 447,eletrônicos,4106.37,26
5b68fe2a-bb53-4342-9a18-7528e85298a4,Skate 852,esportes,440.05,25
cf47da2b-c2f4-439a-bb3f-1828f9ccfa23,Notebook 694,eletrônicos,5582.48,45
4f6360be-ba50-414a-b224-644ac667d087,Fone Bluetooth 653,eletrônicos,676.01,26
2a647cbd-6f5f-4639-8709-f5bd752d9a6c,Boné 676,moda,72.47,100
28542367-f528-4768-a30f-ac4b7486a6fd,Caixa de Som 259,eletrônicos,277.72,45
ed0a025f-3706-4298-9011-28b4c778d87d,Livro Técnico 432,livros,,19
a105f283-7678-4472-9498-990849b827de,Boné 904,moda,59.04,57
c555575b-f023-4d4a-ac47-d23581fdec65,Cadeira 938,casa,258.75,63
cf2909bb-a225-445c-ba04-d478e73a97b4,Infantil 750,livros,,134
5dcacc20-189c-4302-85b6-b4fb152261c8,Liquidificador 465,casa,160.21,137
f35de6d5-76cb-4ac1-9d76-000e7b503bb5,Camiseta 543,moda,57.62,94
3222383f-52c0-4809-85c3-5459fe7fcade,Boné 447,moda,39.69,28
e6d26969-22a3-43bf-9994-c765862246dc,Jaqueta 802,moda,216.96,114
7fc93199-3acd-4c1b-953c-2df7860869c2,Cadeira 977,casa,335.22,15
28221bf8-6815-4282-ac23-0579d8e288ce,Jaqueta 343,moda,382.39,32
cfbd6e87-71f3-48ae-8fa0-820f23b2b1d6,Skate 231,esportes,576.23,91
47cd3504-f57e-4019-9b2f-dafc525f8ec6,Calça Jeans 674,moda,118.79,12
72f742b4-91cb-4666-aea1-b71b72f133ef,Romance 227,livros,46.18,2
e43b9ed1-e931-4201-9968-50e6d7f619d6,Smart TV 705,eletrônicos,4396.12,140
cdc36b9d-acdc-4241-9512-1b064b9695c0,Jaqueta 781,moda,,102
7bf50408-1594-4948-89f4-be882caf1b28,Tênis de Corrida 923,esportes,562.22,64
83922724-a2fd-46c7-bbe9-5f1dc82a4643,Notebook 883,eletrônicos,4249.49,110
24e546ad-0934-4b66-9ef0-d723dcfa050e,Romance 146,livros,43.18,95
155ecb6a-ee99-41e2-8780-7f2b8debc67c,Infantil 310,livros,57.1,9
a1163865-9242-4bca-97ca-a6ae3f98b71b,Smart TV 519,eletrônicos,2736.69,74
4f28462a-1c10-487b-903f-70d369dabc42,Calça Jeans 376,moda,174.61,26
cc6aaa27-5945-4807-bb87-6370023ba1c8,Tênis 726,moda,489.93,133
60615a0e-451f-4196-82a6-2311c5fc09d5,Boné 899,moda,40.82,75
7af46c2b-e503-442b-97a9-3326d4d86f79,Infantil 632,livros,59.07,147
14077143-103c-4d5b-b10f-3d00708e0c88,Skate 446,esportes,367.29,74
b2be9b6f-7b0a-404f-912a-d2885d3eaf9a,Mochila 859,esportes,293.42,79
62102009-15f9-4a54-bc20-86c01caae19e,Smartphone 375,eletrônicos,4405.57,136
21367c0a-4e72-4015-972c-e967bd081560,Fone Bluetooth 627,eletrônicos,705.54,72
d93a84c4-6ae1-4418-9ba3-98a0a99f8cb0,Fone Bluetooth 964,eletrônicos,376.96,115
2a69d904-9b71-4e96-b317-0f76dada3094,Lâmpada 674,casa,46.13,22
cf43b132-9fd2-43a2-9838-2cb23aae53bf,Liquidificador 143,casa,184.16,64
1b64f84e-1e40-499e-bd3f-d8c8d1134515,Sofá 394,casa,1445.65,76
d0daa92b-1c1c-456a-a048-a4fcf87adcb0,Tênis 287,moda,407.63,117
f603168d-4d19-4684-be18-b7ba5f298d21,Skate 981,esportes,442.02,29
560b2cea-46ca-4eb5-8e68-c3d2cbf32726,Smart TV 299,eletrônicos,4771.61,125
206552d0-641e-4033-a255-906427a40f11,Lâmpada 341,casa,68.73,98
daff5d37-cb12-45ff-9a90-90186ceb34c7,Skate 174,esportes,371.18,74
91ca0255-6c7b-409e-ad6f-fbe88fa50f2a,Autoajuda 574,livros,51.43,45
a1ca2bd8-aeed-4c11-8123-39100b8b38dd,Cadeira 479,casa,146.26,111
4bde4dd9-dcb8-437a-b9e6-8875a0fbf6f9,História 178,livros,116.85,121
3cc8cce9-76ab-4407-b677-b0232eec8741,Skate 742,esportes,423.36,100
d3c7d092-ce52-4ded-9abd-561d51092126,Notebook 434,eletrônicos,,84
ab031517-6a3f-4d98-a493-f88e52ea5053,Liquidificador 541,casa,364.71,56
b08e23b5-f70e-4a36-84d8-a4595e17f4c2,Jaqueta 342,moda,314.84,112
b4e5a3c6-5614-4b46-a854-b46d71b186fa,Smartphone 333,eletrônicos,2404.4,142
eb4f3a84-790b-4652-8202-7529775f06bb,História 367,livros,44.19,0
a066ab0d-5881-47e3-98b7-8a685b4200e3,Infantil 221,livros,37.51,88
7a4dd3bd-e55f-4aff-aa36-ae07c029c621,Sofá 942,casa,2162.23,103
a1a20bb1-a47d-4775-8409-c449d97f4d27,Romance 965,livros,63.87,106
deb76c95-0454-4b5d-8b85-c660e60aa5fa,Calça Jeans 976,moda,247.16,54
a1c390fc-af7b-47e7-afdf-20452a1677f2,Infantil 811,livros,57.06,10
9314aa88-9488-481f-8d29-32befb784de3,Sofá 372,casa,1939.12,42
bfc5c6de-b938-4341-843d-bd7121fae402,Bola 960,esportes,105.17,65
2d441266-9b8c-446f-8f9e-32b2c04e80fe,Calça Jeans 644,moda,95.21,72
a067aeae-f7ef-4f78-a06e-1fbc42e76f66,Smart TV 813,eletrônicos,1719.33,65
6aeed8bc-bc0b-4a62-9575-6a5a8d01d6f6,Autoajuda 914,livros,65.61,105
92d29891-5ea2-4f8a-bbbe-5e3f8c96443c,Mochila 453,esportes,230.97,86
bd21045b-e8d0-4a14-a09c-db40c6d5ed37,Jaqueta 480,moda,241.92,117
3cc8cce9-76ab-4407-b677-b0232eec8741,Skate 742,esportes,423.36,100
a5368635-dbe5-4292-a869-e959f320f0b0,Autoajuda 651,livros,41.97,21
0b50f3e4-c896-41ca-ba37-def5733b4877,Panela 487,casa,125.5,5
facfbc0d-a6d4-43a5-97dd-bf2cf2a766bf,História 810,livros,76.62,126
e411303c-75a0-45be-b6a9-3355f3bae348,Smart TV 705,eletrônicos,2941.2,94
bfd74d24-95ca-428b-a10c-53e0e213f6f1,Camiseta 716,moda,41.0,38
b1fb3f21-ec4d-4db9-99e7-5007c7126bac,Bicicleta 321,esportes,2206.87,16
b950ad66-4710-4395-a3f1-1934b29f6232,Smart TV 226,eletrônicos,1399.88,27
ccbb37c4-c8a4-444a-8df0-16a3d5eb9a98,Bola 887,esportes,87.38,105
62bc9ba1-3ff5-40c8-aab8-48a41fe60e31,Livro Técnico 809,livros,81.05,92
7a05cc06-ccb1-4da7-8e45-736f01d20233,História 764,livros,105.4,138
512ede55-53fe-435b-a254-8020ce9af104,Liquidificador 103,casa,335.44,121
60c428a2-9b48-4bf2-a741-7facb5e71508,Skate 601,esportes,567.43,112
eb346625-0cc7-41a0-9e7c-8ac885ee64e1,Bicicleta 344,esportes,1975.87,86
2ff42271-7331-4128-b917-a620d975cd2f,Smartphone 156,eletrônicos,2461.42,75
50079503-baa6-4c20-aa50-e9350deb8635,Mochila 395,esportes,,130
abd86268-9bc4-4b62-a92a-db25c1faf2f1,Mochila 714,esportes,249.15,126
162344a8-a8c8-4078-8fa1-a55a2eccd6b4,Bola 826,esportes,106.24,115
b3666887-38f1-4d84-94c9-e6af9d155910,Autoajuda 710,livros,42.36,89
2d441266-9b8c-446f-8f9e-32b2c04e80fe,Calça Jeans 644,moda,95.21,72
37c45449-fdb7-4655-8b79-c252032e32f5,Panela 662,casa,233.64,24
6bc9f0e4-8d8e-453e-ad71-1806fba3cc41,Infantil 977,livros,46.68,36
b82be536-28de-44a8-952e-3ac43a108584,Skate 817,esportes,578.85,96
d53c567b-e924-4bf7-9b29-3df497b24703,Tênis 580,moda,180.9,9
28a5cbd3-319c-4b9f-a146-6f4f773ebc57,Lâmpada 588,casa,34.66,86
099574b4-2b92-4247-8c5a-c70a0e862c18,Liquidificador 720,casa,247.97,120
6dd0678a-8aed-415f-9a47-500c102c5503,Tênis 886,moda,528.98,116
b543b7d6-dfaa-4734-9ccf-8e75444d390f,Sofá 648,casa,-2274.29,11
dafc2400-4367-47b7-8469-5c5a49058de5,Camiseta 223,moda,99.19,142
90571959-0aac-4103-b9b3-780b842611c9,Cadeira 679,casa,567.57,27
1a8bdc30-7f02-4b1b-890e-b5eb525f0031,Cadeira 242,casa,381.43,26
f35de6d5-76cb-4ac1-9d76-000e7b503bb5,Camiseta 543,moda,57.62,94
7d5b653f-242a-49aa-9bbd-3d3c30d7df6d,Tênis 983,moda,253.76,81
d2275766-a56c-423e-ae22-a0785d516771,Panela 385,casa,196.92,90
ce9dd3cb-5ce0-4c5f-a2e2-5692c87ad256,Mochila 749,esportes,260.6,146
afe970f6-8ec4-4a2b-9003-d74c811f7afc,Bola 842,esportes,120.2,77
b92e4c46-eec1-403b-9bbf-c67aadb84f2a,Jaqueta 961,moda,373.69,45
19cffb4c-1526-4c01-84c5-0efb6a83b723,Tênis de Corrida 424,esportes,257.02,92
0c378e72-35cc-40d2-b3d7-6a3e6a200547,Tênis de Corrida 266,esportes,345.68,27
6549eff7-fa09-4c69-a4b2-d981a1fc05a4,Camiseta 552,moda,50.74,110
4f6360be-ba50-414a-b224-644ac667d087,Fone Bluetooth 653,eletrônicos,676.01,26
b0308536-a400-43ce-b948-4643ed369673,Romance 942,livros,41.81,68
8c87f164-ca17-4283-a405-ceb5d1dc979f,Sofá 157,casa,2501.99,1
b9d50f13-f939-4007-ac2e-5b4db222ad45,Romance 796,livros,25.04,54
f5939e0a-3dac-4dfe-9a6f-07d37fc19062,Romance 189,livros,57.13,37
3b9461cd-b204-4c7c-af9e-fe39ed193314,Boné 528,moda,77.94,64
e807f175-1cd5-4427-9ba6-d609459564a4,Panela 341,casa,75.71,9
